1	▁La	BO	_
2	▁société	IO	_
3	▁Renaud	IO	_
4	-	EO	_
5	Luc	EO	_
6	ienne	EO	_
7	▁a	BN	_
8	▁été	IN	_
9	▁autorisée	IN	_
10	▁à	IN	_
11	▁exploiter	EN	_
12	▁une	BA	_
13	▁activité	IA	_
14	▁de	IA	_
15	▁fabrication	IA	_
16	▁de	IA	_
17	▁savons	EA	_
18	,	O	_
19	▁d	O	_
20	'	O	_
21	enc	O	_
22	au	O	_
23	s	O	_
24	tique	O	_
25	▁et	O	_
26	▁peintures	O	_
27	▁d	O	_
28	'	O	_
29	une	O	_
30	▁part	O	_
31	,	O	_
32	▁et	O	_
33	▁de	O	_
34	▁régénération	BA	_
35	▁d	IA	_
36	'	IA	_
37	huile	BO	_
38	s	BO	_
39	▁de	IO	_
40	▁moteurs	IO	_
41	▁usagé	EO	_
42	es	O	_
43	▁d	O	_
44	'	O	_
45	autre	O	_
46	▁part	O	_
47	▁par	O	_
48	▁arrêté	BO	_
49	▁préfectoral	EO	_
50	▁du	O	_
51	▁4	BT	_
52	▁janvier	IT	_
53	▁1951	ET	_
54	.	ET	_


1	▁L	BO	_
2	’	BO	_
3	activité	EO	_
4	▁a	BN	_
5	▁cessé	EN	_
6	▁en	BT	_
7	▁1993	ET	_
8	.	ET	_


1	▁La	BO	_
2	▁société	IO	_
3	▁Renaud	IO	_
4	-	EO	_
5	Luc	EO	_
6	ienne	EO	_
7	▁a	BN	_
8	▁été	IN	_
9	▁déclarée	IN	_
10	▁en	IN	_
11	▁redressement	IN	_
12	▁judiciaire	EN	_
13	▁en	BT	_
14	▁1993	ET	_
15	▁et	O	_
16	▁mise	BN	_
17	▁en	IN	_
18	▁liquidation	EN	_
19	▁en	BT	_
20	▁1994	ET	_
21	.	ET	_


1	▁A	BT	_
2	▁sa	IT	_
3	▁cessation	EN	_
4	,	O	_
5	▁l	BO	_
6	'	BO	_
7	exploitant	EO	_
8	▁a	BN	_
9	▁laissé	O	_
10	▁à	O	_
11	▁l	O	_
12	'	O	_
13	abandon	O	_
14	▁sur	O	_
15	▁le	O	_
16	▁site	O	_
17	▁de	O	_
18	▁nombreux	O	_
19	▁déchets	O	_
20	.	O	_


1	▁Le	BO	_
2	▁site	EO	_
3	▁a	BN	_
4	▁été	IN	_
5	▁reconnu	IN	_
6	▁	EN	_
7	orphelin	O	_
8	▁par	O	_
9	▁lettres	O	_
10	▁du	O	_
11	▁ministère	BO	_
12	▁en	IO	_
13	▁charge	IO	_
14	▁de	IO	_
15	▁l	IO	_
16	'	IO	_
17	environnement	EO	_
18	▁de	BT	_
19	▁juillet	IT	_
20	▁1996	IT	_
21	▁et	IT	_
22	▁avril	IT	_
23	▁1997	ET	_
24	.	ET	_


1	▁Conformément	O	_
2	▁à	O	_
3	▁l	BO	_
4	'	BO	_
5	arrêté	IO	_
6	▁préfectoral	EO	_
7	▁du	O	_
8	▁2	BT	_
9	▁février	IT	_
10	▁1999,	ET	_
11	▁l	BO	_
12	'	BO	_
13	ADEME	EO	_
14	▁a	BN	_
15	▁fait	EN	_
16	▁procéder	EN	_
17	▁courant	BT	_
18	▁2000	IT	_
19	▁et	IT	_
20	▁2001	ET	_
21	▁à	BN	_
22	▁l	BN	_
23	'	BN	_
24	enlèvement	BN	_
25	▁des	IN	_
26	▁produits	IN	_
27	▁toxiques	EN	_
28	▁de	O	_
29	▁laboratoire	O	_
30	▁et	O	_
31	▁à	BN	_
32	▁la	BN	_
33	▁réalisation	IN	_
34	▁des	IN	_
35	▁diagnostic	IN	_
36	s	EN	_
37	▁	EN	_
38	amiante	EN	_
39	▁et	O	_
40	▁solidité	O	_
41	.	O	_


1	▁Au	O	_
2	▁total	O	_
3	,	O	_
4	▁l	BO	_
5	'	BO	_
6	ADEME	EO	_
7	▁a	BN	_
8	▁procédé	IN	_
9	▁à	IN	_
10	▁l	BN	_
11	'	BN	_
12	enlèvement	EN	_
13	▁et	O	_
14	▁à	O	_
15	▁l	O	_
16	'	BN	_
17	élimination	EN	_
18	▁de	O	_
19	▁2	BO	_
20	99	BO	_
21	▁tonnes	IO	_
22	▁de	IO	_
23	▁déchets	IO	_
24	▁dangereux	EO	_
25	.	O	_


1	▁Au	O	_
2	▁cours	O	_
3	▁de	O	_
4	▁l	BN	_
5	'	BN	_
6	exécution	IN	_
7	▁des	IN	_
8	▁travaux	EN	_
9	,	O	_
10	▁il	O	_
11	▁a	O	_
12	▁été	O	_
13	▁constaté	O	_
14	▁que	O	_
15	▁les	BO	_
16	▁d	IO	_
17	al	EO	_
18	lage	EO	_
19	▁à	O	_
20	▁l	O	_
21	'	O	_
22	intérieur	O	_
23	▁des	O	_
24	▁bâtiments	O	_
25	▁et	O	_
26	▁que	O	_
27	▁les	BO	_
28	▁sols	EO	_
29	▁à	O	_
30	▁l	O	_
31	'	O	_
32	extérieur	O	_
33	▁étaient	O	_
34	▁probablement	O	_
35	▁pollué	O	_
36	s	O	_
37	▁à	O	_
38	▁plusieurs	O	_
39	▁endroits	O	_
40	.	O	_


1	▁Conformément	BR	_
2	▁à	ER	_
3	▁l	BO	_
4	'	BO	_
5	arrêté	IO	_
6	▁préfectoral	EO	_
7	▁du	O	_
8	▁19	BT	_
9	▁octobre	IT	_
10	▁2005,	ET	_
11	▁l	BO	_
12	'	BO	_
13	ADEME	EO	_
14	▁a	BN	_
15	▁fait	IN	_
16	▁procéder	EN	_
17	▁à	ER	_
18	▁une	BN	_
19	▁étude	EN	_
20	▁qui	O	_
21	▁a	O	_
22	▁permis	O	_
23	▁de	O	_
24	▁caractérise	O	_
25	r	O	_
26	▁le	O	_
27	▁contexte	BO	_
28	▁géologique	IO	_
29	▁et	IO	_
30	▁hydro	EN	_
31	gé	EN	_
32	ologique	EN	_
33	▁du	O	_
34	▁site	O	_
35	▁et	O	_
36	▁de	O	_
37	▁mettre	O	_
38	▁en	O	_
39	▁place	O	_
40	▁un	O	_
41	▁réseau	BO	_
42	▁de	IO	_
43	▁pié	EO	_
44	z	EO	_
45	omètre	EO	_
46	s	EO	_
47	▁pour	O	_
48	▁le	BA	_
49	▁suivi	IA	_
50	▁de	IA	_
51	▁la	IA	_
52	▁qualité	IA	_
53	▁des	IA	_
54	▁eaux	IA	_
55	▁souterrain	EA	_
56	es	EA	_
57	.	O	_


1	▁De	BO	_
2	▁fortes	IO	_
3	▁contamination	EO	_
4	s	EO	_
5	▁en	O	_
6	▁	O	_
7	hydrocarbures	O	_
8	▁lourds	O	_
9	▁et	O	_
10	▁volatil	O	_
11	s	O	_
12	▁et	O	_
13	▁en	O	_
14	▁solvant	O	_
15	s	O	_
16	▁chlor	O	_
17	és	O	_
18	▁ont	BN	_
19	▁été	IN	_
20	▁constatée	EN	_
21	s	EN	_
22	.	O	_


1	▁Conformément	BR	_
2	▁à	ER	_
3	▁l	BO	_
4	'	BO	_
5	arrêté	IO	_
6	▁préfectoral	EO	_
7	▁du	O	_
8	▁20	BT	_
9	▁décembre	IT	_
10	▁2010,	ET	_
11	▁l	BO	_
12	'	BO	_
13	ADEME	EO	_
14	▁a	BN	_
15	▁fait	EN	_
16	▁réaliser	EN	_
17	▁de	BN	_
18	▁nouvelles	IN	_
19	▁investigations	EN	_
20	,	O	_
21	▁notamment	O	_
22	▁au	BL	_
23	▁niveau	EL	_
24	▁des	O	_
25	▁zones	O	_
26	▁d	O	_
27	'	O	_
28	habitat	O	_
29	s	O	_
30	▁et	O	_
31	▁des	O	_
32	▁locaux	O	_
33	▁de	O	_
34	▁travail	BA	_
35	▁situés	BL	_
36	▁à	IL	_
37	▁proximité	IL	_
38	▁du	IL	_
39	▁site	EL	_
40	,	O	_
41	▁au	BL	_
42	▁niveau	IL	_
43	▁du	IL	_
44	▁ruisseau	IL	_
45	▁le	IL	_
46	▁Jou	EL	_
47	ha	EL	_
48	▁situé	BL	_
49	▁en	IL	_
50	▁contre	IL	_
51	-	IL	_
52	bas	IL	_
53	▁du	IL	_
54	▁site	EL	_
55	,	O	_
56	▁au	BR	_
57	▁niveau	IR	_
58	▁de	ER	_
59	▁l	O	_
60	'	O	_
61	emprise	O	_
62	▁du	O	_
63	▁site	O	_
64	▁afin	O	_
65	▁de	BN	_
66	▁localiser	EN	_
67	▁les	IO	_
68	▁sources	IO	_
69	▁de	IO	_
70	▁pollution	EO	_
71	▁et	O	_
72	▁l	O	_
73	'	O	_
74	extension	O	_
75	▁du	O	_
76	▁pan	O	_
77	ache	O	_
78	▁de	O	_
79	▁pollution	O	_
80	.	O	_


1	▁Le	BA	_
2	▁suivi	IA	_
3	▁de	IA	_
4	▁la	BO	_
5	▁pollution	IO	_
6	▁des	IO	_
7	▁eaux	EO	_
8	▁est	O	_
9	▁poursuivi	O	_
10	.	O	_


1	▁A	O	_
2	▁l	O	_
3	'	O	_
4	issue	O	_
5	▁des	O	_
6	▁différentes	O	_
7	▁investigations	IL	_
8	▁réalisées	IL	_
9	▁sur	IL	_
10	▁et	IL	_
11	▁hors	IL	_
12	▁site	EL	_
13	,	O	_
14	▁6	BO	_
15	▁sources	IO	_
16	▁de	IO	_
17	▁pollution	EO	_
18	▁ont	BN	_
19	▁été	IN	_
20	▁caractérisée	EN	_
21	s	O	_
22	▁:	O	_


1	▁-	O	_
2	▁source	O	_
3	▁1	O	_
4	▁:	O	_
5	▁pollution	O	_
6	▁des	O	_
7	▁sols	O	_
8	▁en	O	_
9	▁surface	O	_
10	▁par	O	_
11	▁des	BO	_
12	▁huiles	EO	_
13	▁lourdes	EO	_
14	▁en	BL	_
15	▁contre	IL	_
16	-	IL	_
17	bas	IL	_
18	▁du	IL	_
19	▁jardin	IL	_
20	▁d	IL	_
21	'	IL	_
22	un	IL	_
23	▁rive	EL	_
24	rain	EL	_
25	▁;	O	_


1	▁-	O	_
2	▁source	O	_
3	▁2	O	_
4	▁:	O	_
5	▁présence	O	_
6	▁de	O	_
7	▁fût	O	_
8	s	O	_
9	▁enterré	O	_
10	s	O	_
11	▁dans	BL	_
12	▁la	IL	_
13	▁partie	IL	_
14	▁nord	IL	_
15	▁du	IL	_
16	▁site	EL	_
17	▁(	O	_
18	parc	O	_
19	▁à	O	_
20	▁fût	O	_
21	s	O	_
22	)	O	_
23	▁;	O	_


1	▁-	O	_
2	▁source	O	_
3	▁3	O	_
4	▁:	O	_
5	▁forte	O	_
6	▁pollution	O	_
7	▁des	O	_
8	▁sols	O	_
9	▁par	O	_
10	▁des	O	_
11	▁	O	_
12	hydrocarbures	BO	_
13	▁dans	BL	_
14	▁la	BO	_
15	▁zone	BO	_
16	▁bâtiment	EO	_
17	▁qui	O	_
18	▁est	O	_
19	▁à	O	_
20	▁l	O	_
21	'	O	_
22	origine	O	_
23	▁de	O	_
24	▁la	BN	_
25	▁pollution	EN	_
26	▁des	IA	_
27	▁eaux	IA	_
28	▁souterrain	EA	_
29	es	EA	_
30	▁et	O	_
31	▁de	O	_
32	▁la	O	_
33	▁présence	O	_
34	▁d	O	_
35	'	O	_
36	une	O	_
37	▁phase	O	_
38	▁flottant	O	_
39	e	O	_
40	▁huile	O	_
41	use	O	_
42	▁noire	O	_
43	▁dans	O	_
44	▁les	O	_
45	▁eaux	O	_
46	▁souterrain	O	_
47	es	O	_
48	▁;	O	_


1	▁-	O	_
2	▁source	O	_
3	▁4	O	_
4	▁:	O	_
5	▁pollution	O	_
6	▁des	O	_
7	▁sols	O	_
8	▁dans	BL	_
9	▁la	IL	_
10	▁partie	IL	_
11	▁nord	IL	_
12	▁du	IL	_
13	▁parc	IL	_
14	▁à	IL	_
15	▁fût	EA	_
16	s	EA	_
17	▁;	O	_


1	▁-	O	_
2	▁source	O	_
3	▁5	O	_
4	▁:	O	_
5	▁pollution	O	_
6	▁des	O	_
7	▁sols	O	_
8	▁en	O	_
9	▁surface	O	_
10	▁par	O	_
11	▁des	O	_
12	▁huiles	O	_
13	▁lourdes	O	_
14	▁le	BL	_
15	▁long	IL	_
16	▁du	IL	_
17	▁ruisseau	IL	_
18	▁le	IL	_
19	▁Jou	EL	_
20	ha	EL	_
21	▁;	O	_


1	▁-	O	_
2	▁source	O	_
3	▁6	O	_
4	▁:	O	_
5	▁pollution	O	_
6	▁des	O	_
7	▁eaux	O	_
8	▁souterrain	O	_
9	es	O	_
10	▁par	O	_
11	▁des	O	_
12	▁composés	O	_
13	▁organiques	O	_
14	▁h	O	_
15	alo	O	_
16	géné	O	_
17	s	O	_
18	▁volatil	O	_
19	s	O	_
20	▁(	O	_
21	CO	O	_
22	H	O	_
23	V	O	_
24	)	O	_
25	▁en	BL	_
26	▁fond	IL	_
27	▁de	IL	_
28	▁vallon	EL	_
29	.	O	_


1	▁Les	BO	_
2	▁eaux	IO	_
3	▁superficielle	O	_
4	s	O	_
5	▁du	O	_
6	▁ruisseau	BL	_
7	▁le	IL	_
8	▁Jou	EL	_
9	ha	EL	_
10	,	O	_
11	▁les	O	_
12	▁légumes	O	_
13	▁des	O	_
14	▁potager	O	_
15	s	O	_
16	▁des	O	_
17	▁riverains	O	_
18	,	O	_
19	▁les	O	_
20	▁gaz	O	_
21	▁du	O	_
22	▁sous	O	_
23	-	O	_
24	sol	O	_
25	▁et	O	_
26	▁les	O	_
27	▁mesures	O	_
28	▁d	O	_
29	'	O	_
30	air	O	_
31	▁ambiant	O	_
32	▁chez	O	_
33	▁les	O	_
34	▁riverains	EL	_
35	▁ne	O	_
36	▁présentent	O	_
37	▁pas	O	_
38	▁d	O	_
39	'	O	_
40	impact	O	_
41	▁de	O	_
42	▁pollution	O	_
43	▁significative	O	_
44	.	O	_


1	▁Il	O	_
2	▁n	O	_
3	'	O	_
4	y	O	_
5	▁a	O	_
6	▁pas	O	_
7	▁d	O	_
8	'	O	_
9	in	O	_
10	compatibilité	O	_
11	▁d	O	_
12	'	O	_
13	usage	O	_
14	▁entre	O	_
15	▁l	O	_
16	'	O	_
17	état	O	_
18	▁des	O	_
19	▁milieux	O	_
20	▁et	O	_
21	▁les	O	_
22	▁usages	O	_
23	▁qui	O	_
24	▁en	O	_
25	▁sont	O	_
26	▁faits	O	_
27	▁actuellement	O	_
28	.	O	_


1	▁Par	O	_
2	▁courrier	O	_
3	▁du	O	_
4	▁18	BT	_
5	▁décembre	IT	_
6	▁2012,	ET	_
7	▁le	BO	_
8	▁Ministère	IO	_
9	▁de	IO	_
10	▁l	IO	_
11	'	IO	_
12	Ecologie	EO	_
13	▁a	BN	_
14	▁donné	EN	_
15	▁son	BO	_
16	▁accord	EO	_
17	▁pour	O	_
18	▁les	BN	_
19	▁opérations	IN	_
20	▁de	IN	_
21	▁dé	EN	_
22	pollution	EN	_
23	▁suivantes	O	_
24	▁:	O	_


1	▁-	O	_
2	▁source	O	_
3	▁1	O	_
4	▁:	O	_
5	▁ex	BN	_
6	ca	BN	_
7	v	BN	_
8	ation	BN	_
9	▁des	IN	_
10	▁terres	IN	_
11	▁pollué	EO	_
12	es	EO	_
13	,	O	_
14	▁	BO	_
15	évacuation	BO	_
16	▁vers	EO	_
17	▁des	O	_
18	▁filières	O	_
19	▁de	O	_
20	▁traitement	O	_
21	▁adaptées	O	_
22	▁et	O	_
23	▁remplacement	BN	_
24	▁par	IN	_
25	▁des	IN	_
26	▁terres	IN	_
27	▁propres	EN	_
28	▁;	O	_


1	▁-	O	_
2	▁source	O	_
3	▁2	O	_
4	▁:	O	_
5	▁terrasse	BN	_
6	ment	BN	_
7	,	O	_
8	▁tri	O	_
9	▁mécanique	O	_
10	▁des	O	_
11	▁fût	O	_
12	s	O	_
13	▁et	O	_
14	▁	BO	_
15	évacuation	IR	_
16	▁vers	ER	_
17	▁des	BO	_
18	▁filières	IO	_
19	▁de	IO	_
20	▁traitement	EO	_
21	▁adaptées	O	_
22	▁;	O	_


1	▁-	O	_
2	▁source	O	_
3	▁3	O	_
4	▁:	O	_
5	▁démolition	BN	_
6	▁des	IN	_
7	▁bâtiments	EN	_
8	,	O	_
9	▁ex	BN	_
10	ca	EN	_
11	v	EN	_
12	ation	EN	_
13	▁et	O	_
14	▁traitement	BN	_
15	▁sur	IN	_
16	▁site	EN	_
17	▁des	O	_
18	▁terres	O	_
19	▁et	O	_
20	▁	BN	_
21	extraction	BN	_
22	▁de	O	_
23	▁la	BO	_
24	▁phase	BO	_
25	▁flottant	EO	_
26	e	EO	_
27	▁sur	O	_
28	▁les	O	_
29	▁eaux	O	_
30	▁souterrain	O	_
31	es	O	_
32	▁(	O	_
33	p	O	_
34	omp	BN	_
35	age	BN	_
36	-	BN	_
37	é	EN	_
38	cré	EN	_
39	mage	EN	_
40	)	O	_
41	▁;	O	_


1	▁-	O	_
2	▁source	O	_
3	▁4	O	_
4	▁:	O	_
5	▁ex	EN	_
6	ca	EN	_
7	v	EN	_
8	ation	BN	_
9	▁et	O	_
10	▁traitement	O	_
11	▁sur	O	_
12	▁site	O	_
13	▁des	O	_
14	▁terres	O	_
15	▁;	O	_


1	▁-	O	_
2	▁source	O	_
3	▁5	O	_
4	▁:	O	_
5	▁ex	BN	_
6	ca	BN	_
7	v	BN	_
8	ation	BN	_
9	▁des	BO	_
10	▁terres	BO	_
11	▁contaminé	EO	_
12	es	EO	_
13	▁et	O	_
14	▁	O	_
15	évacuation	BO	_
16	▁vers	ER	_
17	▁des	BO	_
18	▁filières	IO	_
19	▁de	IO	_
20	▁traitement	EO	_
21	▁adaptées	O	_
22	▁;	O	_


1	▁-	O	_
2	▁source	O	_
3	▁6	O	_
4	▁:	O	_
5	▁étude	O	_
6	▁complémentaire	O	_
7	▁pour	O	_
8	▁d	O	_
9	él	BR	_
10	imiter	BR	_
11	▁au	ER	_
12	▁nord	EL	_
13	▁le	O	_
14	▁pan	O	_
15	ache	O	_
16	▁des	O	_
17	▁eaux	O	_
18	▁souterrain	O	_
19	es	O	_
20	▁contaminé	O	_
21	es	O	_
22	▁en	O	_
23	▁CO	BO	_
24	H	EO	_
25	V	EO	_
26	▁et	O	_
27	▁identifier	BO	_
28	▁sa	BO	_
29	▁source	EO	_
30	.	O	_


1	▁Les	BO	_
2	▁arrêtés	IO	_
3	▁pré	EO	_
4	f	EO	_
5	ector	EO	_
6	aux	EO	_
7	▁du	BT	_
8	▁23	IT	_
9	▁septembre	IT	_
10	▁2015	ET	_
11	▁(	O	_
12	tra	O	_
13	vaux	O	_
14	▁d	O	_
15	'	O	_
16	office	O	_
17	▁et	O	_
18	▁	O	_
19	occupation	BN	_
20	▁temporaire	IN	_
21	▁des	IN	_
22	▁sols	EN	_
23	)	O	_
24	▁pres	BN	_
25	cri	BN	_
26	vent	BN	_
27	▁la	BN	_
28	▁démolition	BN	_
29	▁des	IN	_
30	▁bâtiments	EN	_
31	▁	O	_
32	,	O	_
33	▁la	BN	_
34	▁réalisation	IN	_
35	▁préalable	IN	_
36	▁d	IN	_
37	'	IN	_
38	études	EN	_
39	▁pour	O	_
40	▁dimension	O	_
41	ner	O	_
42	▁le	BO	_
43	▁programme	EO	_
44	▁de	IN	_
45	▁dé	EN	_
46	pollution	EN	_
47	▁et	O	_
48	▁la	BN	_
49	▁réalisation	BN	_
50	▁de	O	_
51	▁l	O	_
52	'	O	_
53	étude	O	_
54	▁complémentaire	O	_
55	▁(	O	_
56	source	O	_
57	▁6	O	_
58	).	O	_


1	▁Le	BN	_
2	▁dés	EN	_
3	ami	EN	_
4	ant	EN	_
5	age	EN	_
6	▁et	O	_
7	▁la	BN	_
8	▁démolition	BN	_
9	▁des	IN	_
10	▁bâtiments	EN	_
11	▁ont	BN	_
12	▁été	IN	_
13	▁réalisés	EN	_
14	▁fin	BT	_
15	▁juillet	IT	_
16	▁2017.	ET	_


1	▁L	BN	_
2	'	BN	_
3	étude	IN	_
4	▁de	IN	_
5	▁faisabilité	EO	_
6	▁(	O	_
7	traitement	BN	_
8	▁des	IN	_
9	▁sols	EN	_
10	▁et	O	_
11	▁des	O	_
12	▁eaux	O	_
13	)	O	_
14	▁va	BN	_
15	▁être	IN	_
16	▁lancée	EN	_
17	▁avec	O	_
18	▁pour	O	_
19	▁objectif	O	_
20	▁de	O	_
21	▁réaliser	BN	_
22	▁les	IN	_
23	▁travaux	IN	_
24	▁pour	BT	_
25	▁2020.	ET	_


1	▁Le	BO	_
2	▁terrain	EO	_
3	▁situé	BL	_
4	▁à	IL	_
5	▁l	IL	_
6	’	IL	_
7	ouest	IL	_
8	▁du	IL	_
9	▁centre	IL	_
10	▁ville	IL	_
11	▁de	IL	_
12	▁Rennes	EL	_
13	,	O	_
14	▁d	O	_
15	’	O	_
16	une	O	_
17	▁superficie	O	_
18	▁totale	O	_
19	▁d	O	_
20	'	O	_
21	environ	O	_
22	▁45	O	_
23	▁000	O	_
24	▁m	O	_
25	2	O	_
26	▁a	BN	_
27	▁accueilli	EN	_
28	▁de	BT	_
29	▁18	IT	_
30	84	IT	_
31	▁à	IT	_
32	▁1965	ET	_
33	▁une	BO	_
34	▁usine	EO	_
35	▁fabriqu	BA	_
36	ant	BA	_
37	▁du	IA	_
38	▁gaz	EA	_
39	▁à	BR	_
40	▁partir	IR	_
41	▁de	ER	_
42	▁la	BA	_
43	▁dis	IA	_
44	till	IA	_
45	ation	IA	_
46	▁de	IA	_
47	▁la	IA	_
48	▁h	EA	_
49	ouille	EA	_
50	.	O	_


1	▁Actuellement	O	_
2	,	O	_
3	▁le	BO	_
4	▁site	EO	_
5	▁est	BN	_
6	▁occupé	EN	_
7	▁par	O	_
8	▁le	BO	_
9	▁service	IO	_
10	▁exploitation	EO	_
11	▁du	O	_
12	▁centre	BO	_
13	▁d	O	_
14	'	O	_
15	EDF	O	_
16	-	O	_
17	G	O	_
18	DF	O	_
19	▁Services	O	_
20	.	O	_


1	▁Gaz	BO	_
2	▁de	IO	_
3	▁France	EO	_
4	▁a	BN	_
5	▁hi	EN	_
6	ér	EN	_
7	arch	EN	_
8	isé	EN	_
9	▁ses	BO	_
10	▁actions	EO	_
11	▁sur	O	_
12	▁les	O	_
13	▁4	BO	_
14	67	BO	_
15	▁sites	EO	_
16	▁d	O	_
17	’	O	_
18	ancienne	O	_
19	s	O	_
20	▁usines	O	_
21	▁à	O	_
22	▁gaz	O	_
23	▁qu	O	_
24	’	O	_
25	il	O	_
26	▁gère	O	_
27	▁répartis	O	_
28	▁sur	O	_
29	▁l	O	_
30	’	O	_
31	ensemble	O	_
32	▁du	O	_
33	▁territoire	O	_
34	.	O	_


1	▁La	O	_
2	▁méthodologie	O	_
3	▁a	O	_
4	▁cons	O	_
5	ist	O	_
6	é	O	_
7	▁à	O	_
8	▁hi	BN	_
9	ér	BN	_
10	arch	BN	_
11	iser	BN	_
12	▁les	BO	_
13	▁sites	EO	_
14	▁en	BR	_
15	▁fonction	IR	_
16	▁de	ER	_
17	▁leur	O	_
18	▁sensibilité	O	_
19	▁vis	O	_
20	▁à	O	_
21	▁vis	O	_
22	▁de	O	_
23	▁l	O	_
24	’	O	_
25	environnement	O	_
26	▁(	O	_
27	usage	O	_
28	▁du	O	_
29	▁site	O	_
30	,	O	_
31	▁vulnérabilité	O	_
32	▁des	O	_
33	▁eaux	O	_
34	▁souterrain	O	_
35	es	O	_
36	▁et	O	_
37	▁superficielle	O	_
38	s	O	_
39	,	O	_
40	▁présence	O	_
41	▁et	O	_
42	▁type	O	_
43	▁de	O	_
44	▁population	O	_
45	▁sur	O	_
46	▁le	O	_
47	▁site	O	_
48	,	O	_
49	...).	O	_


1	▁L	BN	_
2	’	BN	_
3	application	EN	_
4	▁de	O	_
5	▁cette	BO	_
6	▁méthode	EO	_
7	▁a	BR	_
8	▁abouti	IR	_
9	▁à	ER	_
10	▁l	BN	_
11	’	BN	_
12	établissement	EN	_
13	▁de	O	_
14	▁cinq	BO	_
15	▁classes	IO	_
16	▁de	IO	_
17	▁priorité	EO	_
18	▁pour	O	_
19	▁lesquelles	O	_
20	▁les	BO	_
21	▁engagements	EO	_
22	▁de	O	_
23	▁Gaz	BO	_
24	▁de	IO	_
25	▁France	EO	_
26	▁ont	BR	_
27	▁fait	IR	_
28	▁l	IR	_
29	’	IR	_
30	objet	IR	_
31	▁d	ER	_
32	’	ER	_
33	un	BO	_
34	▁protocole	IO	_
35	▁d	IO	_
36	’	IO	_
37	accord	EO	_
38	▁relatif	BR	_
39	▁à	ER	_
40	▁la	BO	_
41	▁maîtrise	EO	_
42	▁et	O	_
43	▁au	O	_
44	▁suivi	BO	_
45	▁de	O	_
46	▁la	BN	_
47	▁réhabilitation	EN	_
48	▁des	O	_
49	▁anciens	BO	_
50	▁terrains	IO	_
51	▁d	IO	_
52	’	IO	_
53	usine	IO	_
54	s	IO	_
55	▁à	IO	_
56	▁gaz	EO	_
57	▁entre	BR	_
58	▁le	BO	_
59	▁Ministère	IO	_
60	▁de	IO	_
61	▁l	IO	_
62	’	IO	_
63	Environnement	EO	_
64	▁et	O	_
65	▁Gaz	BO	_
66	▁de	IO	_
67	▁France	EO	_
68	▁signé	BN	_
69	▁le	BT	_
70	▁25	IT	_
71	▁avril	IT	_
72	▁1996	ET	_
73	.	O	_


1	▁Le	BO	_
2	▁site	EO	_
3	▁de	O	_
4	▁l	BO	_
5	’	BO	_
6	ancienne	IO	_
7	▁usine	IO	_
8	▁à	IO	_
9	▁gaz	EO	_
10	▁de	O	_
11	▁Rennes	BL	_
12	▁Voltaire	EL	_
13	▁est	O	_
14	▁en	O	_
15	▁classe	O	_
16	▁2	O	_
17	▁du	O	_
18	▁protocole	O	_
19	,	O	_
20	▁c	O	_
21	'	O	_
22	est	O	_
23	-	O	_
24	à	O	_
25	-	O	_
26	dire	O	_
27	▁un	O	_
28	▁site	O	_
29	▁dont	O	_
30	▁la	O	_
31	▁sensibilité	O	_
32	▁vis	O	_
33	-	O	_
34	à	O	_
35	-	O	_
36	vis	O	_
37	▁de	O	_
38	▁l	O	_
39	'	O	_
40	homme	O	_
41	,	O	_
42	▁des	O	_
43	▁eaux	O	_
44	▁souterrain	O	_
45	es	O	_
46	▁et	O	_
47	▁superficielle	O	_
48	s	O	_
49	▁est	O	_
50	▁limitée	O	_
51	.	O	_


1	▁En	BR	_
2	▁raison	IR	_
3	▁d	ER	_
4	’	ER	_
5	un	BN	_
6	▁projet	IN	_
7	▁de	IN	_
8	▁réaménagement	EN	_
9	▁pour	O	_
10	▁les	O	_
11	▁besoins	O	_
12	▁internes	O	_
13	▁d	O	_
14	’	O	_
15	EDF	O	_
16	-	O	_
17	G	O	_
18	DF	O	_
19	▁un	BN	_
20	▁diagnostic	IN	_
21	▁approfondi	EN	_
22	▁a	BN	_
23	▁été	IN	_
24	▁réalisé	EN	_
25	▁en	BT	_
26	▁1994	ET	_
27	-	ET	_
28	1995	ET	_
29	.	O	_


1	▁L	O	_
2	’	O	_
3	ensemble	O	_
4	▁de	O	_
5	▁l	O	_
6	’	O	_
7	étude	O	_
8	▁a	O	_
9	▁cons	O	_
10	ist	O	_
11	é	O	_
12	▁à	O	_
13	▁effectuer	O	_
14	▁des	O	_
15	▁recherches	O	_
16	▁historiques	O	_
17	▁et	O	_
18	▁documentaires	O	_
19	,	O	_
20	▁d	O	_
21	'	O	_
22	ouvrages	O	_
23	▁enterré	O	_
24	s	O	_
25	,	O	_
26	▁à	O	_
27	▁évaluer	O	_
28	▁l	O	_
29	’	O	_
30	impact	O	_
31	▁du	O	_
32	▁site	O	_
33	▁sur	O	_
34	▁les	O	_
35	▁ressources	O	_
36	▁locales	O	_
37	▁en	O	_
38	▁eau	O	_
39	▁(	O	_
40	sou	O	_
41	terrain	O	_
42	e	O	_
43	▁et	O	_
44	▁superficielle	O	_
45	),	O	_
46	▁à	O	_
47	▁caractérise	O	_
48	r	O	_
49	▁le	O	_
50	▁sol	O	_
51	▁(	O	_
52	pour	O	_
53	▁évaluer	O	_
54	▁les	O	_
55	▁risques	O	_
56	▁de	O	_
57	▁contact	O	_
58	▁direct	O	_
59	▁ou	O	_
60	▁liés	O	_
61	▁à	O	_
62	▁d	O	_
63	’	O	_
64	éventuel	O	_
65	les	O	_
66	▁	O	_
67	émanation	O	_
68	s	O	_
69	▁gaz	O	_
70	euses	O	_
71	)	O	_
72	▁et	O	_
73	▁le	O	_
74	▁sous	O	_
75	-	O	_
76	sol	O	_
77	.	O	_


1	▁Cet	BN	_
2	▁audit	EN	_
3	▁a	O	_
4	▁montré	O	_
5	▁qu	O	_
6	'	O	_
7	il	O	_
8	▁existait	O	_
9	▁quatre	BO	_
10	▁structures	IO	_
11	▁enterré	IL	_
12	es	IL	_
13	▁en	IL	_
14	▁sous	EL	_
15	-	O	_
16	sol	O	_
17	,	O	_
18	▁ainsi	O	_
19	▁que	O	_
20	▁des	BO	_
21	▁sols	IO	_
22	▁s	EO	_
23	ouillé	EO	_
24	s	EO	_
25	.	O	_


1	▁Dans	BR	_
2	▁le	IR	_
3	▁cadre	IR	_
4	▁de	ER	_
5	▁l	BO	_
6	'	BO	_
7	▁arrêté	IO	_
8	▁préfectoral	EO	_
9	▁du	O	_
10	▁24	BT	_
11	▁juillet	IT	_
12	▁1996,	ET	_
13	▁les	BN	_
14	▁travaux	IN	_
15	▁de	IN	_
16	▁réhabilitation	EN	_
17	,	O	_
18	▁conduit	EN	_
19	s	EN	_
20	▁de	BT	_
21	▁1996	IT	_
22	▁à	IT	_
23	▁2000,	ET	_
24	▁ont	O	_
25	▁cons	O	_
26	ist	O	_
27	é	O	_
28	▁en	O	_
29	▁la	BN	_
30	▁vidange	EN	_
31	▁des	O	_
32	▁cuve	BO	_
33	s	EO	_
34	,	O	_
35	▁l	BN	_
36	’	BN	_
37	étan	EN	_
38	ché	EN	_
39	ification	EN	_
40	▁des	O	_
41	▁zones	O	_
42	▁non	O	_
43	▁étanche	O	_
44	s	O	_
45	▁et	O	_
46	▁le	BN	_
47	▁traitement	IN	_
48	▁par	IN	_
49	▁vent	EN	_
50	ing	EN	_
51	▁de	O	_
52	▁l	O	_
53	’	O	_
54	air	O	_
55	▁des	O	_
56	▁sols	BO	_
57	▁s	EO	_
58	ouillé	EO	_
59	s	O	_
60	▁par	O	_
61	▁des	BO	_
62	▁B	BO	_
63	TEX	EO	_
64	▁(	O	_
65	but	O	_
66	ène	O	_
67	,	O	_
68	▁to	O	_
69	lu	O	_
70	ène	O	_
71	,	O	_
72	▁	O	_
73	éthyl	O	_
74	ène	O	_
75	,	O	_
76	▁	O	_
77	xy	O	_
78	lène	O	_
79	)	O	_
80	▁au	BL	_
81	▁droit	IL	_
82	▁de	IL	_
83	▁la	IL	_
84	▁hall	EL	_
85	e	EL	_
86	.	O	_


1	▁Au	O	_
2	▁total	O	_
3	,	O	_
4	▁1	O	_
5	▁6	BO	_
6	72	IO	_
7	▁tonnes	IO	_
8	▁de	IO	_
9	▁matériaux	EO	_
10	▁ont	BN	_
11	▁été	IN	_
12	▁éliminé	EN	_
13	es	EN	_
14	▁lors	O	_
15	▁de	O	_
16	▁la	BN	_
17	▁ne	EN	_
18	ut	EN	_
19	r	EN	_
20	alisation	EN	_
21	▁des	O	_
22	▁cuve	O	_
23	s	O	_
24	▁et	O	_
25	▁des	BN	_
26	▁travaux	IN	_
27	▁de	IN	_
28	▁terrasse	EN	_
29	ment	EN	_
30	.	O	_


1	▁Pendant	BT	_
2	▁ces	BN	_
3	▁travaux	EN	_
4	,	O	_
5	▁les	BO	_
6	▁eaux	IO	_
7	▁de	IO	_
8	▁la	IO	_
9	▁n	EO	_
10	appe	EO	_
11	▁ont	BN	_
12	▁été	IN	_
13	▁soumises	IR	_
14	▁à	ER	_
15	▁des	BN	_
16	▁analyses	IN	_
17	▁régulières	EN	_
18	▁à	O	_
19	▁partir	O	_
20	▁de	O	_
21	▁plusieurs	O	_
22	▁pié	O	_
23	z	O	_
24	omètre	O	_
25	s	O	_
26	▁installés	O	_
27	▁sur	O	_
28	▁le	O	_
29	▁site	O	_
30	.	O	_


1	▁En	BT	_
2	▁1998,	ET	_
3	▁la	BO	_
4	▁phase	BO	_
5	▁sur	EO	_
6	nage	O	_
7	ante	O	_
8	▁de	O	_
9	▁la	O	_
10	▁n	O	_
11	appe	O	_
12	▁a	BN	_
13	▁été	IN	_
14	▁p	EN	_
15	omp	EN	_
16	ée	EN	_
17	;	O	_
18	▁1.	BO	_
19	9	O	_
20	▁tonne	O	_
21	▁d	O	_
22	’	O	_
23	eau	O	_
24	▁fortement	O	_
25	▁s	O	_
26	ouillé	O	_
27	e	O	_
28	▁par	O	_
29	▁les	O	_
30	▁	O	_
31	hydrocarbures	O	_
32	▁mono	O	_
33	aro	O	_
34	matique	O	_
35	s	O	_
36	▁a	BN	_
37	▁été	IN	_
38	▁extrait	EN	_
39	e	EN	_
40	.	O	_


1	▁Dans	BR	_
2	▁le	IR	_
3	▁cadre	IR	_
4	▁des	BN	_
5	▁travaux	IN	_
6	▁de	IN	_
7	▁réhabilitation	EN	_
8	▁et	O	_
9	▁conformément	O	_
10	▁à	O	_
11	▁l	O	_
12	'	O	_
13	arrêté	O	_
14	▁préfectoral	O	_
15	▁précité	O	_
16	,	O	_
17	▁la	BO	_
18	▁qualité	IO	_
19	▁des	IO	_
20	▁eaux	IO	_
21	▁souterrain	EO	_
22	es	EO	_
23	▁a	BR	_
24	▁fait	IR	_
25	▁l	IR	_
26	'	IR	_
27	objet	IR	_
28	▁d	ER	_
29	'	ER	_
30	un	BN	_
31	▁suivi	IN	_
32	▁jusque	BT	_
33	▁fin	BT	_
34	▁1999	ET	_
35	▁basé	O	_
36	▁sur	O	_
37	▁un	O	_
38	▁réseau	O	_
39	▁de	O	_
40	▁7	O	_
41	▁pié	O	_
42	z	O	_
43	omètre	O	_
44	s	O	_
45	.	O	_


1	▁Les	BN	_
2	▁analyses	EN	_
3	▁réalisées	EN	_
4	▁ont	O	_
5	▁mis	O	_
6	▁en	O	_
7	▁évidence	O	_
8	▁la	O	_
9	▁présence	O	_
10	▁dans	O	_
11	▁les	O	_
12	▁eaux	O	_
13	▁souterrain	O	_
14	es	O	_
15	▁de	O	_
16	▁sous	O	_
17	-	O	_
18	produit	O	_
19	s	O	_
20	▁issus	O	_
21	▁de	O	_
22	▁l	O	_
23	'	O	_
24	activité	O	_
25	▁gaz	O	_
26	ière	O	_
27	.	O	_


1	▁Les	O	_
2	▁résultats	O	_
3	▁ont	O	_
4	▁alors	O	_
5	▁traduit	O	_
6	▁une	O	_
7	▁diminution	O	_
8	▁progressive	O	_
9	▁des	O	_
10	▁concentration	O	_
11	s	O	_
12	▁en	O	_
13	▁H	O	_
14	AP	O	_
15	▁(	O	_
16	hydrocarbures	O	_
17	▁aromatique	O	_
18	s	O	_
19	▁poly	O	_
20	cycl	O	_
21	iques	O	_
22	)	O	_
23	▁et	O	_
24	▁B	O	_
25	TEX	O	_
26	,	O	_
27	▁mais	O	_
28	▁ont	O	_
29	▁présenté	O	_
30	▁ponctuellement	O	_
31	▁des	O	_
32	▁teneur	O	_
33	s	O	_
34	▁non	O	_
35	▁conformes	O	_
36	▁aux	O	_
37	▁valeurs	O	_
38	▁de	O	_
39	▁référence	O	_
40	.	O	_


1	▁Afin	BR	_
2	▁de	O	_
3	▁pérenniser	O	_
4	▁le	O	_
5	▁suivi	O	_
6	,	O	_
7	▁un	BO	_
8	▁arrêté	IO	_
9	▁préfectoral	EO	_
10	▁du	BT	_
11	▁29	IT	_
12	▁juin	IT	_
13	▁2001	ET	_
14	▁prescrit	BN	_
15	▁de	BN	_
16	▁nouvelles	IN	_
17	▁mesures	EN	_
18	▁de	IA	_
19	▁suivi	EA	_
20	,	O	_
21	▁avec	O	_
22	▁l	O	_
23	'	O	_
24	objectif	O	_
25	▁d	O	_
26	'	O	_
27	apprécier	O	_
28	▁la	O	_
29	▁nécessité	O	_
30	▁de	O	_
31	▁maintenir	O	_
32	▁ou	O	_
33	▁non	O	_
34	▁un	O	_
35	▁programme	O	_
36	▁de	O	_
37	▁suivi	O	_
38	▁(	O	_
39	à	O	_
40	▁défaut	O	_
41	▁d	O	_
42	'	O	_
43	une	O	_
44	▁amélioration	O	_
45	▁avérée	O	_
46	▁et	O	_
47	▁durable	O	_
48	▁de	O	_
49	▁la	O	_
50	▁situation	O	_
51	).	O	_


1	▁En	BT	_
2	▁mars	IT	_
3	▁2005,	ET	_
4	▁une	O	_
5	▁synthèse	O	_
6	▁des	O	_
7	▁résultats	O	_
8	▁du	O	_
9	▁programme	O	_
10	▁de	O	_
11	▁surveillance	BA	_
12	▁de	IA	_
13	▁la	IA	_
14	▁qualité	IA	_
15	▁des	IA	_
16	▁eaux	IA	_
17	▁souterrain	EA	_
18	es	EA	_
19	▁entre	BT	_
20	▁1996	IT	_
21	▁et	IT	_
22	▁2003	ET	_
23	▁préconise	BN	_
24	▁la	IN	_
25	▁mise	IN	_
26	▁en	IN	_
27	▁place	IN	_
28	▁d	IN	_
29	'	IN	_
30	un	IN	_
31	▁suivi	IA	_
32	▁des	IA	_
33	▁eaux	IA	_
34	▁souterrain	EA	_
35	es	EA	_
36	,	O	_
37	▁portant	O	_
38	▁sur	O	_
39	▁les	O	_
40	▁paramètres	O	_
41	▁H	O	_
42	AP	O	_
43	,	O	_
44	▁B	O	_
45	TEX	O	_
46	▁et	O	_
47	▁am	O	_
48	mon	O	_
49	ium	O	_
50	.	O	_


1	▁Suite	BR	_
2	▁au	ER	_
3	▁rapport	EO	_
4	▁d	BT	_
5	'	BT	_
6	octobre	IT	_
7	▁2004	ET	_
8	▁relatif	BR	_
9	▁à	ER	_
10	▁la	BN	_
11	▁démarche	IN	_
12	▁de	IN	_
13	▁réhabilitation	EN	_
14	▁de	IL	_
15	▁la	IL	_
16	▁partie	IL	_
17	▁nord	IL	_
18	▁ou	IL	_
19	est	IL	_
20	▁du	IL	_
21	▁site	EL	_
22	,	O	_
23	▁un	BO	_
24	▁arrêté	IO	_
25	▁préfectoral	EO	_
26	▁complémentaire	EO	_
27	▁du	BT	_
28	▁24	BT	_
29	▁janvier	IT	_
30	▁2006	ET	_
31	▁définit	BN	_
32	▁les	BO	_
33	▁objectifs	EO	_
34	▁et	O	_
35	▁précautions	O	_
36	▁à	O	_
37	▁prendre	O	_
38	▁pendant	O	_
39	▁les	BN	_
40	▁travaux	IN	_
41	▁de	IN	_
42	▁réhabilitation	EN	_
43	,	O	_
44	▁les	O	_
45	▁opérations	BA	_
46	▁de	IA	_
47	▁surveillance	IA	_
48	▁de	IA	_
49	▁la	IA	_
50	▁n	EA	_
51	appe	EA	_
52	▁(	O	_
53	analyse	O	_
54	s	O	_
55	▁trimestriel	O	_
56	les	O	_
57	)	O	_
58	▁et	O	_
59	▁en	O	_
60	▁cas	O	_
61	▁de	O	_
62	▁nécessité	O	_
63	▁une	O	_
64	▁étude	O	_
65	▁détaillée	O	_
66	▁des	O	_
67	▁risques	O	_
68	▁(	O	_
69	si	O	_
70	▁mise	O	_
71	▁en	O	_
72	▁évidence	O	_
73	▁de	O	_
74	▁substances	O	_
75	▁non	O	_
76	▁visées	O	_
77	▁dans	O	_
78	▁l	O	_
79	'	O	_
80	étude	O	_
81	▁semi	O	_
82	-	O	_
83	géné	O	_
84	rique	O	_
85	▁de	O	_
86	▁G	O	_
87	DF	O	_
88	).	O	_


1	▁Des	BN	_
2	▁campagnes	IN	_
3	▁de	IN	_
4	▁prélèvements	IN	_
5	▁complémentaires	EO	_
6	▁ont	BN	_
7	▁été	IN	_
8	▁réalisées	EN	_
9	▁en	BT	_
10	▁2005	IT	_
11	▁et	IT	_
12	▁2006	ET	_
13	▁puis	O	_
14	▁en	BT	_
15	▁2008,	IT	_
16	▁2009.	ET	_


1	▁La	O	_
2	▁synthèse	O	_
3	▁de	O	_
4	▁ces	O	_
5	▁résultats	O	_
6	▁montrent	O	_
7	▁:	O	_


1	▁-	O	_
2	▁globalement	O	_
3	▁des	O	_
4	▁concentration	O	_
5	s	O	_
6	▁inférieure	O	_
7	s	O	_
8	▁aux	O	_
9	▁limites	O	_
10	▁de	O	_
11	▁quant	O	_
12	ification	O	_
13	▁pour	O	_
14	▁les	BO	_
15	▁H	EO	_
16	AP	EO	_
17	▁en	BL	_
18	▁aval	IL	_
19	▁du	IL	_
20	▁site	EL	_
21	,	O	_


1	▁-	O	_
2	▁des	O	_
3	▁concentration	O	_
4	s	O	_
5	▁inférieure	O	_
6	s	O	_
7	▁ou	O	_
8	▁proches	O	_
9	▁des	O	_
10	▁limites	O	_
11	▁de	O	_
12	▁quant	O	_
13	ification	O	_
14	▁pour	O	_
15	▁les	BO	_
16	▁B	BO	_
17	TEX	BO	_
18	▁en	BL	_
19	▁aval	IL	_
20	▁du	IL	_
21	▁site	EL	_
22	,	O	_


1	▁-	O	_
2	▁des	O	_
3	▁concentration	O	_
4	s	O	_
5	▁en	O	_
6	▁général	O	_
7	▁inférieure	O	_
8	s	O	_
9	▁aux	O	_
10	▁limites	O	_
11	▁de	O	_
12	▁quant	O	_
13	ification	O	_
14	▁pour	O	_
15	▁les	O	_
16	▁c	O	_
17	yan	O	_
18	ures	O	_
19	▁libres	O	_
20	,	O	_


1	▁-	O	_
2	▁des	O	_
3	▁concentration	O	_
4	s	O	_
5	▁inférieure	O	_
6	s	O	_
7	▁des	O	_
8	▁limites	O	_
9	▁de	O	_
10	▁quant	O	_
11	ification	O	_
12	▁pour	O	_
13	▁l	BO	_
14	'	BO	_
15	am	EO	_
16	mon	EO	_
17	ium	EO	_
18	▁en	BL	_
19	▁aval	IL	_
20	▁du	IL	_
21	▁site	EL	_
22	,	O	_


1	▁-	O	_
2	▁des	O	_
3	▁concentration	O	_
4	s	O	_
5	▁en	O	_
6	▁général	O	_
7	▁inférieure	O	_
8	s	O	_
9	▁aux	O	_
10	▁limites	O	_
11	▁de	O	_
12	▁quant	O	_
13	ification	O	_
14	▁pour	O	_
15	▁l	O	_
16	'	O	_
17	indice	O	_
18	▁phéno	O	_
19	l	O	_
20	▁en	BL	_
21	▁aval	IL	_
22	▁du	IL	_
23	▁site	EL	_
24	,	O	_


1	▁-	O	_
2	▁que	O	_
3	▁la	BL	_
4	▁	IL	_
5	Vilaine	EL	_
6	▁aliment	EL	_
7	e	O	_
8	▁la	O	_
9	▁n	O	_
10	appe	O	_
11	▁all	O	_
12	uvi	O	_
13	ale	O	_
14	.	O	_


1	▁A	O	_
2	▁l	O	_
3	'	O	_
4	issue	O	_
5	▁de	O	_
6	▁ce	O	_
7	▁bilan	O	_
8	,	O	_
9	▁il	O	_
10	▁est	O	_
11	▁recommandé	O	_
12	▁de	O	_
13	▁maintenir	O	_
14	▁la	BA	_
15	▁surveillance	EA	_
16	▁de	O	_
17	▁la	BO	_
18	▁qualité	IO	_
19	▁des	IO	_
20	▁eaux	IO	_
21	▁souterrain	EA	_
22	es	EA	_
23	▁à	O	_
24	▁fréquence	O	_
25	▁semestriel	O	_
26	le	O	_
27	.	O	_


1	▁Le	BN	_
2	▁bilan	IN	_
3	▁des	IN	_
4	▁campagnes	EN	_
5	▁d	BT	_
6	'	IT	_
7	avril	IT	_
8	▁1996	IT	_
9	▁à	IT	_
10	▁septembre	IT	_
11	▁2017	ET	_
12	▁fait	O	_
13	▁ressortir	O	_
14	▁les	O	_
15	▁points	O	_
16	▁suivants	O	_
17	▁:	O	_


1	▁-	O	_
2	▁le	O	_
3	▁pié	O	_
4	z	O	_
5	omètre	O	_
6	▁au	O	_
7	▁centre	O	_
8	▁(	O	_
9	P	O	_
10	z	O	_
11	▁12	O	_
12	)	O	_
13	▁est	BN	_
14	▁le	IN	_
15	▁plus	IN	_
16	▁impacté	EN	_
17	s	EN	_
18	▁par	O	_
19	▁une	O	_
20	▁majorité	O	_
21	▁de	O	_
22	▁composés	O	_
23	▁:	O	_


1	▁*	O	_
2	▁teneur	O	_
3	s	O	_
4	▁élevées	O	_
5	▁en	O	_
6	▁ben	O	_
7	z	O	_
8	ène	O	_
9	▁(	O	_
10	tend	O	_
11	ance	O	_
12	▁à	O	_
13	▁la	O	_
14	▁hausse	O	_
15	),	O	_
16	▁en	O	_
17	▁to	O	_
18	lu	O	_
19	ène	O	_
20	▁et	O	_
21	▁en	O	_
22	▁	O	_
23	xy	O	_
24	lène	O	_
25	▁to	O	_
26	taux	O	_
27	,	O	_


1	▁*	O	_
2	▁teneur	O	_
3	▁en	O	_
4	▁aluminium	O	_
5	▁supérieure	O	_
6	▁à	O	_
7	▁la	O	_
8	▁valeur	O	_
9	▁de	O	_
10	▁référence	O	_
11	,	O	_
12	▁tendance	O	_
13	▁initiale	O	_
14	▁à	O	_
15	▁la	O	_
16	▁hausse	O	_
17	▁puis	O	_
18	▁à	O	_
19	▁la	O	_
20	▁baisse	O	_
21	▁depuis	BT	_
22	▁mai	IT	_
23	▁2009,	ET	_


1	▁*	O	_
2	▁teneur	O	_
3	▁en	O	_
4	▁indice	O	_
5	▁phéno	O	_
6	l	O	_
7	▁supérieure	O	_
8	▁à	O	_
9	▁la	O	_
10	▁valeur	O	_
11	▁de	O	_
12	▁référence	O	_
13	▁et	O	_
14	▁tendance	O	_
15	▁à	O	_
16	▁la	O	_
17	▁hausse	O	_
18	,	O	_


1	▁*	O	_
2	▁présence	O	_
3	▁des	O	_
4	▁H	O	_
5	AP	O	_
6	▁avec	O	_
7	▁dépassement	O	_
8	▁ponctuel	O	_
9	▁de	O	_
10	▁la	O	_
11	▁valeur	O	_
12	▁de	O	_
13	▁référence	O	_
14	▁+	O	_
15	▁forte	O	_
16	▁odeur	O	_
17	▁en	O	_
18	▁H	O	_
19	AP	O	_
20	.	O	_


1	▁-	O	_
2	▁le	O	_
3	▁pié	O	_
4	z	O	_
5	omètre	O	_
6	▁P	O	_
7	z	O	_
8	9	O	_
9	▁en	O	_
10	▁aval	EO	_
11	▁est	BN	_
12	▁impacté	EN	_
13	▁par	O	_
14	▁plusieurs	O	_
15	▁composés	O	_
16	▁:	O	_


1	▁*	O	_
2	▁présence	O	_
3	▁de	O	_
4	▁goudron	O	_
5	,	O	_


1	▁*	O	_
2	▁fortes	O	_
3	▁teneur	O	_
4	s	O	_
5	▁en	O	_
6	▁H	O	_
7	AP	O	_
8	▁et	O	_
9	▁dépassement	O	_
10	▁de	O	_
11	▁la	O	_
12	▁valeur	O	_
13	▁de	O	_
14	▁référence	O	_
15	▁depuis	BT	_
16	▁octobre	IT	_
17	▁2010,	ET	_


1	▁*	O	_
2	▁teneur	O	_
3	s	O	_
4	▁significative	O	_
5	s	O	_
6	▁en	O	_
7	▁ben	O	_
8	z	O	_
9	ène	O	_
10	,	O	_


1	▁*	O	_
2	▁teneur	O	_
3	s	O	_
4	▁en	O	_
5	▁am	O	_
6	mon	O	_
7	ium	O	_
8	▁et	O	_
9	▁phéno	O	_
10	l	O	_
11	▁dépassant	O	_
12	▁régulièrement	O	_
13	▁les	O	_
14	▁valeurs	O	_
15	▁de	O	_
16	▁référence	O	_
17	.	O	_


1	▁-	O	_
2	▁les	O	_
3	▁3	BO	_
4	▁pié	EO	_
5	z	EO	_
6	omètre	EO	_
7	s	EO	_
8	▁en	BL	_
9	▁limite	IL	_
10	▁de	IL	_
11	▁site	EL	_
12	▁présentent	O	_
13	▁des	O	_
14	▁traces	O	_
15	▁ponctuelle	O	_
16	s	O	_
17	▁en	O	_
18	▁composés	O	_
19	▁:	O	_


1	▁*	O	_
2	▁teneur	O	_
3	s	O	_
4	▁en	O	_
5	▁aluminium	O	_
6	▁supérieures	O	_
7	▁à	O	_
8	▁la	O	_
9	▁valeur	O	_
10	▁de	O	_
11	▁référence	O	_
12	▁pour	O	_
13	▁P	O	_
14	z	O	_
15	15	O	_
16	,	O	_


1	▁*	O	_
2	▁faible	O	_
3	▁teneur	O	_
4	s	O	_
5	▁(	O	_
6	s	O	_
7	table	O	_
8	s	O	_
9	)	O	_
10	▁en	O	_
11	▁c	O	_
12	yan	O	_
13	ures	O	_
14	▁to	O	_
15	taux	O	_
16	▁(	O	_
17	un	O	_
18	▁pic	O	_
19	▁en	BT	_
20	▁2013)	ET	_
21	,	O	_


1	▁*	O	_
2	▁traces	O	_
3	▁en	O	_
4	▁c	O	_
5	yan	O	_
6	ures	O	_
7	▁libres	O	_
8	▁depuis	BT	_
9	▁octobre	IT	_
10	▁2008,	ET	_
11	▁avec	O	_
12	▁une	O	_
13	▁légère	O	_
14	▁augmentation	O	_
15	▁en	O	_
16	▁amont	O	_
17	▁(	O	_
18	un	O	_
19	▁pic	O	_
20	▁en	BT	_
21	▁2012)	ET	_
22	,	O	_


1	▁*	O	_
2	▁teneur	O	_
3	s	O	_
4	▁en	O	_
5	▁H	O	_
6	AP	O	_
7	▁inférieure	O	_
8	▁à	O	_
9	▁la	O	_
10	▁limite	O	_
11	▁de	O	_
12	▁quant	O	_
13	ification	O	_
14	▁depuis	BT	_
15	▁2010,	ET	_


1	▁*	O	_
2	▁teneur	O	_
3	s	O	_
4	▁non	O	_
5	▁significative	O	_
6	s	O	_
7	▁en	O	_
8	▁B	O	_
9	TEX	O	_
10	,	O	_


1	▁*	O	_
2	▁traces	O	_
3	▁en	O	_
4	▁indice	O	_
5	▁phéno	O	_
6	l	O	_
7	▁(	O	_
8	un	O	_
9	▁pic	O	_
10	▁en	BT	_
11	▁2006	ET	_
12	).	O	_


1	▁La	BO	_
2	▁société	IO	_
3	▁M	EO	_
4	.	EO	_


1	▁	BO	_
2	.	BO	_
3	S	EO	_
4	▁a	BN	_
5	▁été	IN	_
6	▁autorisée	IN	_
7	▁à	IN	_
8	▁exploiter	EN	_
9	▁une	BO	_
10	▁usine	EO	_
11	▁spécialisée	IA	_
12	▁dans	IA	_
13	▁la	IA	_
14	▁fabrication	IA	_
15	▁de	IA	_
16	▁chaudière	IA	_
17	s	IA	_
18	▁et	IA	_
19	▁chauffe	IA	_
20	s	IA	_
21	-	EA	_
22	eaux	O	_
23	▁gaz	O	_
24	▁par	O	_
25	▁arrêté	BO	_
26	▁préfectoral	EO	_
27	▁du	BT	_
28	▁20	IT	_
29	▁mars	IT	_
30	▁1992	ET	_
31	▁(	O	_
32	un	BO	_
33	▁arrêté	IO	_
34	▁préfectoral	IO	_
35	▁initial	EO	_
36	▁a	BN	_
37	▁été	IN	_
38	▁pris	EN	_
39	▁le	BT	_
40	▁18	IT	_
41	▁juin	IT	_
42	▁1969	ET	_
43	).	ET	_


1	▁Les	BO	_
2	▁activités	IO	_
3	▁industrielles	EO	_
4	▁ont	BN	_
5	▁cessé	EN	_
6	▁en	BT	_
7	▁juillet	IT	_
8	▁2009.	ET	_


1	▁Plusieurs	O	_
2	▁études	O	_
3	▁ont	BN	_
4	▁été	IN	_
5	▁menées	EN	_
6	▁dans	BR	_
7	▁le	IR	_
8	▁cadre	IR	_
9	▁de	ER	_
10	▁la	BN	_
11	▁cessation	BN	_
12	▁d	IN	_
13	'	EN	_
14	activité	EN	_
15	.	O	_


1	▁Elles	O	_
2	▁conclu	O	_
3	ent	O	_
4	▁:	O	_


1	▁1/	O	_
2	▁pour	O	_
3	▁les	O	_
4	▁sols	O	_


1	▁-	O	_
2	▁une	BN	_
3	▁contamination	IN	_
4	▁généralisée	IN	_
5	▁des	IN	_
6	▁sols	EN	_
7	▁par	O	_
8	▁les	BO	_
9	▁métaux	IO	_
10	▁lourds	EO	_
11	▁(	O	_
12	ars	O	_
13	en	O	_
14	ic	O	_
15	,	O	_
16	▁c	O	_
17	admi	O	_
18	um	O	_
19	,	O	_
20	▁cuivre	O	_
21	,	O	_
22	▁nickel	O	_
23	,	O	_
24	▁mercure	O	_
25	)	O	_
26	▁avec	O	_
27	▁des	O	_
28	▁pic	O	_
29	s	O	_
30	▁de	O	_
31	▁concentration	O	_
32	▁ponctuel	O	_
33	s	O	_
34	▁;	O	_


1	▁-	O	_
2	▁des	BO	_
3	▁zones	IO	_
4	▁de	IO	_
5	▁contamination	EO	_
6	s	BN	_
7	▁ponctuelle	EN	_
8	s	EN	_
9	▁par	O	_
10	▁les	O	_
11	▁	O	_
12	hydrocarbures	O	_
13	▁to	O	_
14	taux	O	_
15	▁(	O	_
16	H	O	_
17	CT	O	_
18	)	O	_
19	▁;	O	_


1	▁-	O	_
2	▁la	O	_
3	▁présence	O	_
4	▁de	O	_
5	▁nombreux	O	_
6	▁déchets	O	_
7	▁enfoui	O	_
8	s	O	_
9	▁(	O	_
10	fr	O	_
11	iche	O	_
12	),	O	_
13	▁présentant	O	_
14	▁une	O	_
15	▁contamination	O	_
16	▁	O	_
17	particulièrement	O	_
18	▁importante	O	_
19	▁par	O	_
20	▁les	O	_
21	▁métaux	O	_
22	▁lourds	O	_
23	▁et	O	_
24	▁les	O	_
25	▁	O	_
26	hydrocarbures	O	_
27	.	O	_


1	▁2	O	_
2	/	O	_
3	▁pour	O	_
4	▁les	O	_
5	▁eaux	O	_
6	▁souterrain	O	_
7	es	O	_


1	▁-	O	_
2	▁une	O	_
3	▁teneur	O	_
4	▁élevée	O	_
5	▁en	O	_
6	▁aluminium	BO	_
7	▁sur	O	_
8	▁l	O	_
9	'	O	_
10	ensemble	O	_
11	▁du	O	_
12	▁site	O	_
13	,	O	_
14	▁avec	O	_
15	▁des	O	_
16	▁pic	O	_
17	s	O	_
18	▁plus	O	_
19	▁importants	O	_
20	▁en	BL	_
21	▁aval	IL	_
22	▁hydraulique	IL	_
23	▁du	IL	_
24	▁batiment	EL	_
25	,	O	_
26	▁et	O	_
27	▁ponctuellement	O	_
28	▁une	O	_
29	▁contamination	O	_
30	▁par	O	_
31	▁le	O	_
32	▁nickel	O	_
33	▁;	O	_


1	▁-	O	_
2	▁une	O	_
3	▁contamination	O	_
4	▁par	O	_
5	▁les	O	_
6	▁métaux	O	_
7	▁lourds	O	_
8	▁et	O	_
9	▁le	O	_
10	▁tri	O	_
11	ch	O	_
12	lor	O	_
13	o	O	_
14	éthyl	O	_
15	ène	O	_
16	▁au	O	_
17	▁niveau	O	_
18	▁de	O	_
19	▁la	O	_
20	▁friche	O	_
21	▁;	O	_


1	▁-	O	_
2	▁une	O	_
3	▁contamination	O	_
4	▁par	O	_
5	▁les	BO	_
6	▁H	EO	_
7	CT	EO	_
8	▁et	O	_
9	▁les	O	_
10	▁	O	_
11	hydrocarbures	O	_
12	▁aromatique	O	_
13	s	O	_
14	▁poly	O	_
15	cycl	O	_
16	iques	O	_
17	▁(	O	_
18	H	O	_
19	AP	O	_
20	)	O	_
21	▁en	BL	_
22	▁aval	IL	_
23	▁hydraulique	EL	_
24	.	O	_


1	▁Un	BO	_
2	▁arrêté	IO	_
3	▁préfectoral	IO	_
4	▁complémentaire	EO	_
5	▁du	BT	_
6	▁13	IT	_
7	▁janvier	IT	_
8	▁2012	ET	_
9	▁a	BN	_
10	▁prescrit	EN	_
11	▁la	BN	_
12	▁réalisation	IN	_
13	▁d	IN	_
14	'	IN	_
15	études	IN	_
16	▁complémentaires	EN	_
17	▁(	O	_
18	dont	O	_
19	▁une	O	_
20	▁interprétation	O	_
21	▁de	O	_
22	▁l	O	_
23	'	O	_
24	état	O	_
25	▁des	O	_
26	▁milieux	O	_
27	),	O	_
28	▁la	BA	_
29	▁surveillance	IA	_
30	▁des	IA	_
31	▁eaux	IA	_
32	▁souterrain	EA	_
33	es	EA	_
34	,	O	_
35	▁ainsi	O	_
36	▁que	O	_
37	▁certains	BN	_
38	▁travaux	IN	_
39	▁de	IN	_
40	▁réhabilitation	EN	_
41	.	O	_


1	▁La	BA	_
2	▁surveillance	EA	_
3	▁des	O	_
4	▁eaux	BO	_
5	▁souterrain	EO	_
6	es	EO	_
7	▁porte	O	_
8	▁sur	O	_
9	▁les	O	_
10	▁métaux	O	_
11	▁lourds	O	_
12	,	O	_
13	▁les	O	_
14	▁composés	O	_
15	▁	O	_
16	organ	O	_
17	o	O	_
18	h	O	_
19	alo	O	_
20	géné	O	_
21	s	O	_
22	▁volatil	O	_
23	s	O	_
24	▁(	O	_
25	CO	O	_
26	H	O	_
27	V	O	_
28	),	O	_
29	▁les	O	_
30	▁B	O	_
31	TEX	O	_
32	▁(	O	_
33	ben	O	_
34	z	O	_
35	ène	O	_
36	,	O	_
37	▁to	O	_
38	lu	O	_
39	ène	O	_
40	,	O	_
41	▁	O	_
42	éthyl	O	_
43	ène	O	_
44	,	O	_
45	▁	O	_
46	xy	O	_
47	lène	O	_
48	),	O	_
49	▁les	O	_
50	▁H	O	_
51	AP	O	_
52	▁et	O	_
53	▁les	O	_
54	▁PC	O	_
55	B	O	_
56	,	O	_
57	▁à	O	_
58	▁fréquence	O	_
59	▁trimestriel	O	_
60	le	O	_
61	▁les	BT	_
62	▁deux	IT	_
63	▁premières	IT	_
64	▁années	EO	_
65	▁puis	O	_
66	▁semestriel	O	_
67	le	O	_
68	.	O	_


1	▁L	BO	_
2	'	BO	_
3	arrêté	IO	_
4	▁préfectoral	IO	_
5	▁complémentaire	EO	_
6	▁du	O	_
7	▁24	BT	_
8	▁octobre	IT	_
9	▁2014	ET	_
10	▁prescrit	BR	_
11	▁la	BN	_
12	▁réalisation	IN	_
13	▁de	IN	_
14	▁la	IN	_
15	▁deuxième	IN	_
16	▁phase	IN	_
17	▁des	IN	_
18	▁travaux	IN	_
19	▁de	IN	_
20	▁réhabilitation	EN	_
21	.	O	_


1	▁Les	BN	_
2	▁travaux	IN	_
3	▁pendant	IN	_
4	▁l	EN	_
5	'	BT	_
6	été	IT	_
7	▁2014	ET	_
8	▁ont	O	_
9	▁cons	O	_
10	ist	O	_
11	é	O	_
12	▁en	O	_
13	▁:	O	_


1	▁-	O	_
2	▁ex	EN	_
3	ca	EN	_
4	v	EN	_
5	ation	BN	_
6	▁des	IN	_
7	▁terres	EN	_
8	▁dans	BL	_
9	▁la	BO	_
10	▁zone	BO	_
11	▁ou	EO	_
12	est	EO	_
13	▁(	O	_
14	s	O	_
15	pot	O	_
16	▁de	O	_
17	▁pollution	O	_
18	)	O	_
19	▁;	O	_


1	▁-	O	_
2	▁démantèlement	BN	_
3	▁des	IN	_
4	▁équipements	EN	_
5	▁et	O	_
6	▁ex	EN	_
7	ca	EN	_
8	v	EN	_
9	ation	BN	_
10	▁des	IN	_
11	▁terres	EN	_
12	▁dans	BL	_
13	▁la	IL	_
14	▁zone	IL	_
15	▁sud	EL	_
16	▁;	O	_


1	▁-	O	_
2	▁confi	O	_
3	nement	O	_
4	▁de	O	_
5	▁la	O	_
6	▁pollution	O	_
7	▁par	O	_
8	▁une	O	_
9	▁dalle	O	_
10	▁étanche	O	_
11	▁dans	O	_
12	▁la	BO	_
13	▁friche	EO	_
14	▁à	IL	_
15	▁l	EL	_
16	'	EL	_
17	est	EL	_
18	▁;	O	_


1	▁-	O	_
2	▁poursuite	BA	_
3	▁du	BA	_
4	▁suivi	IA	_
5	▁des	IA	_
6	▁eaux	IA	_
7	▁souterrain	EA	_
8	es	EA	_


1	▁L	BO	_
2	'	BO	_
3	ensemble	IO	_
4	▁des	IO	_
5	▁études	EO	_
6	▁et	O	_
7	▁la	BO	_
8	▁première	IO	_
9	▁phase	IO	_
10	▁des	IO	_
11	▁travaux	IN	_
12	▁exigé	EN	_
13	s	EN	_
14	▁ont	BN	_
15	▁été	IN	_
16	▁réalisés	EN	_
17	▁par	O	_
18	▁la	BO	_
19	▁société	EO	_
20	.	O	_


1	▁Les	O	_
2	▁résultats	O	_
3	▁de	O	_
4	▁la	O	_
5	▁surveillance	O	_
6	▁des	O	_
7	▁eaux	O	_
8	▁souterrain	O	_
9	es	O	_
10	▁confirment	O	_
11	▁les	O	_
12	▁analyses	O	_
13	▁précédentes	O	_
14	▁:	O	_


1	▁-	O	_
2	▁absence	O	_
3	▁de	O	_
4	▁PC	O	_
5	B	O	_
6	▁;	O	_


1	▁-	O	_
2	▁présence	O	_
3	▁d	O	_
4	'	O	_
5	aluminium	BO	_
6	▁en	O	_
7	▁concentration	O	_
8	▁importante	O	_
9	▁sur	O	_
10	▁quasiment	O	_
11	▁l	O	_
12	'	O	_
13	ensemble	O	_
14	▁des	O	_
15	▁pié	O	_
16	z	O	_
17	omètre	O	_
18	s	O	_
19	▁et	O	_
20	▁en	O	_
21	▁moindre	O	_
22	▁mesure	O	_
23	▁de	O	_
24	▁plomb	O	_
25	▁et	O	_
26	▁d	O	_
27	'	O	_
28	ars	O	_
29	en	O	_
30	ic	O	_
31	▁;	O	_


1	▁-	O	_
2	▁pollution	O	_
3	▁en	O	_
4	▁CO	O	_
5	H	O	_
6	V	O	_
7	▁(	O	_
8	tric	O	_
9	hl	O	_
10	oro	O	_
11	éthyl	O	_
12	ène	O	_
13	)	O	_
14	▁dans	O	_
15	▁la	BO	_
16	▁zone	EO	_
17	▁sud	EO	_
18	▁et	O	_
19	▁en	O	_
20	▁aval	IL	_
21	▁hydraulique	EL	_
22	.	O	_


1	▁Le	BA	_
2	▁bilan	IA	_
3	▁quadri	EA	_
4	en	EA	_
5	nal	ET	_
6	▁du	BA	_
7	▁suivi	IA	_
8	▁de	IA	_
9	▁la	IA	_
10	▁qualité	IA	_
11	▁des	IA	_
12	▁eaux	IA	_
13	▁souterrain	EA	_
14	es	EA	_
15	▁doit	BR	_
16	▁être	IN	_
17	▁réalisé	EN	_
18	▁pour	BT	_
19	▁fin	BT	_
20	▁2016.	ET	_


1	▁Un	BO	_
2	▁rapport	EO	_
3	▁va	BR	_
4	lant	BR	_
5	▁PV	IN	_
6	▁de	IN	_
7	▁r	EN	_
8	école	EN	_
9	ment	EN	_
10	▁a	BN	_
11	▁été	IN	_
12	▁rédigé	EN	_
13	▁le	BT	_
14	▁27	IT	_
15	▁juillet	IT	_
16	▁2015	ET	_
17	▁:	O	_
18	▁l	BO	_
19	'	BO	_
20	exploitant	EO	_
21	▁a	BN	_
22	▁satisfait	IN	_
23	▁à	IN	_
24	▁ses	IN	_
25	▁obligations	IN	_
26	▁réglementaires	EN	_
27	▁de	O	_
28	▁remise	IN	_
29	▁en	IN	_
30	▁état	EN	_
31	▁du	O	_
32	▁site	O	_
33	.	O	_


1	▁Toutefois	O	_
2	,	O	_
3	▁des	BO	_
4	▁pollution	IO	_
5	s	IO	_
6	▁résiduel	EO	_
7	les	EO	_
8	▁étant	BT	_
9	▁en	IN	_
10	▁place	EN	_
11	▁sur	O	_
12	▁le	O	_
13	▁site	O	_
14	,	O	_
15	▁des	BO	_
16	▁servitude	IO	_
17	s	IO	_
18	▁d	EO	_
19	'	EO	_
20	utilité	EO	_
21	▁publique	EO	_
22	▁ont	BN	_
23	▁été	IN	_
24	▁arrêtée	EN	_
25	s	EN	_
26	▁le	BT	_
27	▁5	IT	_
28	▁février	IT	_
29	▁2016.	ET	_


1	▁Le	BO	_
2	▁site	EO	_
3	▁correspond	BR	_
4	▁à	ER	_
5	▁un	BO	_
6	▁ancien	IO	_
7	▁dépôt	IO	_
8	▁de	IO	_
9	▁fer	EO	_
10	raille	EO	_
11	s	EO	_
12	▁exploité	BN	_
13	▁depuis	BT	_
14	▁1967	ET	_
15	▁sans	EN	_
16	▁autorisation	EN	_
17	.	O	_


1	▁Il	O	_
2	▁est	O	_
3	▁sur	BL	_
4	▁l	IL	_
5	’	IL	_
6	emprise	IL	_
7	▁d	IL	_
8	’	IL	_
9	une	IN	_
10	▁carrière	EN	_
11	▁de	O	_
12	▁granit	O	_
13	▁massif	O	_
14	▁dés	O	_
15	affect	BO	_
16	ée	BO	_
17	.	O	_


1	▁Les	O	_
2	▁activités	O	_
3	▁pratiquée	O	_
4	s	O	_
5	▁ont	O	_
6	▁porté	O	_
7	▁sur	O	_
8	▁la	BA	_
9	▁récupération	EA	_
10	▁de	IO	_
11	▁fer	EO	_
12	raille	EO	_
13	s	EO	_
14	,	O	_
15	▁de	O	_
16	▁déchets	BO	_
17	▁métalliques	EO	_
18	▁et	O	_
19	▁de	O	_
20	▁véhicules	O	_
21	▁hors	O	_
22	▁d	O	_
23	’	O	_
24	usage	O	_
25	.	O	_


1	▁Les	BO	_
2	▁matériels	IO	_
3	▁fixes	IO	_
4	▁utilisés	EO	_
5	▁com	O	_
6	port	O	_
7	aient	O	_
8	▁notamment	O	_
9	▁divers	BO	_
10	▁hangar	EO	_
11	s	EO	_
12	▁et	O	_
13	▁bâtiments	EO	_
14	,	O	_
15	▁un	O	_
16	▁stockage	O	_
17	▁d	O	_
18	’	O	_
19	hydrocarbures	BO	_
20	▁liquides	EO	_
21	▁(	O	_
22	F	O	_
23	OD	O	_
24	/	O	_
25	GO	O	_
26	)	O	_
27	▁ainsi	O	_
28	▁qu	O	_
29	'	O	_
30	une	O	_
31	▁petite	O	_
32	▁et	O	_
33	▁très	O	_
34	▁ru	O	_
35	di	O	_
36	ment	O	_
37	aire	O	_
38	▁fond	BA	_
39	erie	BA	_
40	▁de	IA	_
41	▁plomb	EA	_
42	.	O	_


1	▁L	BO	_
2	'	BO	_
3	arrêt	IO	_
4	▁des	IO	_
5	▁activités	EO	_
6	▁est	BN	_
7	▁effectif	EN	_
8	▁depuis	BT	_
9	▁le	IT	_
10	▁31	IT	_
11	▁décembre	IT	_
12	▁1998	ET	_
13	.	ET	_


1	▁Le	BO	_
2	▁site	EO	_
3	▁se	BL	_
4	▁trouve	IL	_
5	▁en	IL	_
6	▁milieu	IL	_
7	▁urbain	EL	_
8	▁à	BL	_
9	▁proximité	IL	_
10	▁d	IL	_
11	’	IL	_
12	un	IL	_
13	▁espace	IL	_
14	▁vert	IL	_
15	▁public	EL	_
16	,	O	_
17	▁traversé	BL	_
18	▁par	IL	_
19	▁un	IL	_
20	▁petit	IL	_
21	▁ruisseau	IL	_
22	▁affluent	IL	_
23	▁de	IL	_
24	▁la	IL	_
25	▁rivière	IL	_
26	▁de	IL	_
27	▁P	IL	_
28	ONT	IL	_
29	▁L	IL	_
30	'	IL	_
31	AB	EL	_
32	BE	EL	_
33	.	O	_


1	▁Lors	BT	_
2	▁de	ER	_
3	▁la	BN	_
4	▁cessation	EN	_
5	▁d	EN	_
6	'	BO	_
7	activité	EO	_
8	,	O	_
9	▁des	BN	_
10	▁diagnostic	EN	_
11	s	EN	_
12	▁de	O	_
13	▁sols	BO	_
14	▁et	IO	_
15	▁des	IO	_
16	▁eaux	EO	_
17	▁ont	BN	_
18	▁été	IN	_
19	▁réalisés	EN	_
20	▁en	BT	_
21	▁1998	ET	_
22	▁et	O	_
23	▁ont	BN	_
24	▁mis	IR	_
25	▁en	IR	_
26	▁évidence	ER	_
27	▁une	BN	_
28	▁pollution	IN	_
29	▁du	IN	_
30	▁milieu	EN	_
31	.	O	_


1	▁A	O	_
2	▁cet	O	_
3	▁effet	O	_
4	,	O	_
5	▁les	BO	_
6	▁sols	IO	_
7	▁les	IO	_
8	▁plus	IO	_
9	▁contaminé	EO	_
10	s	O	_
11	▁(	O	_
12	inclu	O	_
13	ant	O	_
14	▁celles	O	_
15	▁de	O	_
16	▁la	O	_
17	▁fond	BA	_
18	erie	BA	_
19	▁de	O	_
20	▁plomb	O	_
21	)	O	_
22	▁ont	BN	_
23	▁été	IN	_
24	▁ex	EN	_
25	ca	EN	_
26	vé	EN	_
27	s	IN	_
28	▁et	IN	_
29	▁envoyés	IN	_
30	▁en	IN	_
31	▁centre	IN	_
32	▁de	IN	_
33	▁traitement	EN	_
34	▁en	BT	_
35	▁septembre	IT	_
36	▁1999	ET	_
37	.	O	_


1	▁D	BT	_
2	'	BT	_
3	août	IT	_
4	▁1999	IT	_
5	▁à	IT	_
6	▁janvier	IT	_
7	▁2000,	ET	_
8	▁des	BN	_
9	▁investigations	BN	_
10	▁complémentaires	EO	_
11	▁ont	BN	_
12	▁été	IN	_
13	▁menées	EN	_
14	▁sur	O	_
15	▁la	BO	_
16	▁qualité	IO	_
17	▁des	IO	_
18	▁eaux	EO	_
19	▁(	O	_
20	hydrocarbures	O	_
21	▁(	O	_
22	HC	O	_
23	),	O	_
24	▁indice	O	_
25	▁phéno	O	_
26	l	O	_
27	,	O	_
28	▁métaux	O	_
29	▁-	O	_
30	▁Cu	O	_
31	,	O	_
32	▁P	O	_
33	b	O	_
34	▁et	O	_
35	▁Z	O	_
36	n	O	_
37	)	O	_
38	▁du	O	_
39	▁ruisseau	O	_
40	▁en	BL	_
41	▁aval	EL	_
42	,	O	_
43	▁des	O	_
44	▁eaux	O	_
45	▁superficielle	O	_
46	s	O	_
47	▁d	O	_
48	’	O	_
49	écoulement	O	_
50	▁du	O	_
51	▁site	O	_
52	▁et	O	_
53	▁des	O	_
54	▁eaux	O	_
55	▁souterrain	O	_
56	es	O	_
57	▁(	O	_
58	en	O	_
59	▁aval	O	_
60	).	O	_


1	▁Les	O	_
2	▁résultats	O	_
3	▁montrent	O	_
4	▁de	O	_
5	▁très	O	_
6	▁faibles	O	_
7	▁teneur	O	_
8	s	O	_
9	▁en	O	_
10	▁éléments	O	_
11	▁polluants	O	_
12	▁dans	O	_
13	▁les	O	_
14	▁eaux	O	_
15	▁de	O	_
16	▁surface	O	_
17	▁et	O	_
18	▁souterrain	O	_
19	es	O	_
20	,	O	_
21	▁au	O	_
22	▁regard	O	_
23	▁des	O	_
24	▁limites	O	_
25	▁V	O	_
26	CI	O	_
27	-	O	_
28	EAU	O	_
29	▁(	O	_
30	usage	O	_
31	▁non	O	_
32	▁sensible	O	_
33	).	O	_


1	▁L	BO	_
2	'	BO	_
3	arrêté	IO	_
4	▁préfectoral	IO	_
5	▁complémentaire	EO	_
6	▁du	O	_
7	▁8	BT	_
8	▁janvier	IT	_
9	▁2003	ET	_
10	▁prescrit	BR	_
11	▁la	BA	_
12	▁surveillance	IA	_
13	▁de	IA	_
14	▁la	IA	_
15	▁qualité	IA	_
16	▁des	IA	_
17	▁eaux	IA	_
18	▁de	IA	_
19	▁surface	IA	_
20	▁et	IA	_
21	▁souterrain	EA	_
22	es	EA	_
23	.	O	_


1	▁Il	O	_
2	▁prévoit	O	_
3	▁en	O	_
4	▁parallèle	O	_
5	▁:	O	_


1	▁-	O	_
2	▁la	BN	_
3	▁remise	IN	_
4	▁en	IN	_
5	▁état	IN	_
6	▁des	IN	_
7	▁lieux	EN	_
8	▁(	O	_
9	enlèvement	EN	_
10	▁des	BO	_
11	▁fer	EO	_
12	raille	EO	_
13	s	EO	_
14	,	O	_
15	▁etc	O	_
16	.	O	_
17	)	O	_
18	▁;	O	_


1	▁-	O	_
2	▁la	BN	_
3	▁mise	BN	_
4	▁en	IN	_
5	▁place	IN	_
6	▁de	IN	_
7	▁restrictions	EN	_
8	▁d	O	_
9	'	O	_
10	usage	O	_
11	▁des	O	_
12	▁sols	O	_
13	,	O	_
14	▁prenant	O	_
15	▁en	O	_
16	▁compte	O	_
17	▁les	O	_
18	▁vecteur	O	_
19	s	O	_
20	▁"	O	_
21	sol	O	_
22	"	O	_
23	,	O	_
24	▁"	O	_
25	eau	O	_
26	"	O	_
27	▁et	O	_
28	/	O	_
29	ou	O	_
30	▁"	O	_
31	cha	O	_
32	în	O	_
33	e	O	_
34	▁alimentaire	O	_
35	"	O	_
36	.	O	_


1	▁Les	BO	_
2	▁servitude	IO	_
3	s	EO	_
4	▁ont	BN	_
5	▁été	IN	_
6	▁signée	IN	_
7	s	EN	_
8	▁en	BT	_
9	▁avril	IT	_
10	▁2004	ET	_
11	▁(	O	_
12	SC	O	_
13	PE	O	_
14	▁sous	O	_
15	▁forme	O	_
16	▁d	O	_
17	'	O	_
18	acte	O	_
19	▁not	O	_
20	ari	O	_
21	é	O	_
22	)	O	_
23	▁et	O	_
24	▁ont	BN	_
25	▁été	IN	_
26	▁enregistrées	IN	_
27	▁au	IN	_
28	▁Conservatoire	IN	_
29	▁des	IN	_
30	▁Hypo	BO	_
31	thèque	EO	_
32	s	EO	_
33	▁le	BT	_
34	▁16	IT	_
35	▁juin	IT	_
36	▁2004.	ET	_


1	▁Les	O	_
2	▁résultats	O	_
3	▁de	O	_
4	▁l	O	_
5	'	BA	_
6	auto	IA	_
7	surveillance	IA	_
8	▁des	IA	_
9	▁eaux	IA	_
10	▁souterrain	EA	_
11	es	EA	_
12	▁d	BT	_
13	'	BT	_
14	avril	BT	_
15	▁2004	ET	_
16	▁montrent	O	_
17	▁globalement	O	_
18	▁une	O	_
19	▁contamination	O	_
20	▁limitée	O	_
21	▁sans	O	_
22	▁évolution	O	_
23	▁significative	O	_
24	▁;	O	_
25	▁à	O	_
26	▁noter	O	_
27	▁une	O	_
28	▁amélioration	O	_
29	▁sensible	O	_
30	▁de	O	_
31	▁la	O	_
32	▁situation	O	_
33	▁en	O	_
34	▁H	O	_
35	C	O	_
36	▁au	O	_
37	▁regard	O	_
38	▁des	O	_
39	▁résultats	O	_
40	▁de	O	_
41	▁la	O	_
42	▁2	BN	_
43	è	IN	_
44	▁campagne	EN	_
45	▁de	BT	_
46	▁2003	ET	_
47	.	O	_


1	▁La	BN	_
2	▁visite	EN	_
3	▁effectuée	BN	_
4	▁le	BT	_
5	▁10	IT	_
6	▁juin	IT	_
7	▁2005	ET	_
8	▁a	O	_
9	▁permis	O	_
10	▁de	O	_
11	▁constater	O	_
12	▁la	O	_
13	▁bonne	O	_
14	▁exécution	O	_
15	▁et	O	_
16	▁l	BO	_
17	'	BO	_
18	achèvement	BN	_
19	▁des	IN	_
20	▁opérations	IN	_
21	▁de	IN	_
22	▁remise	IN	_
23	▁en	IN	_
24	▁état	IN	_
25	▁du	IN	_
26	▁site	EN	_
27	.	O	_


1	▁Le	BO	_
2	▁procès	IO	_
3	▁verbal	IO	_
4	▁de	IO	_
5	▁r	EO	_
6	école	EO	_
7	ment	EO	_
8	▁a	BN	_
9	▁été	IN	_
10	▁établi	EN	_
11	▁le	BT	_
12	▁21	IT	_
13	▁septembre	IT	_
14	▁2005.	ET	_


1	▁La	BA	_
2	▁surveillance	BA	_
3	▁des	IA	_
4	▁eaux	IA	_
5	▁superficielle	EA	_
6	s	EA	_
7	▁et	O	_
8	▁souterrain	O	_
9	es	O	_
10	▁est	O	_
11	▁maintenue	O	_
12	.	O	_


1	▁Le	BO	_
2	▁Plan	IO	_
3	▁d	IO	_
4	'	IO	_
5	Occupation	IO	_
6	▁des	IO	_
7	▁Sol	IO	_
8	s	EO	_
9	▁(	O	_
10	POS	O	_
11	)	O	_
12	▁applicable	O	_
13	▁classe	BN	_
14	▁une	BO	_
15	▁partie	IO	_
16	▁des	IO	_
17	▁terrains	EO	_
18	▁en	O	_
19	▁zone	BO	_
20	▁naturelle	EO	_
21	▁et	O	_
22	▁une	O	_
23	▁partie	O	_
24	▁en	O	_
25	▁zone	O	_
26	▁à	O	_
27	▁vocation	BA	_
28	▁d	IA	_
29	'	IA	_
30	habitat	EA	_
31	▁et	O	_
32	▁activités	BA	_
33	▁compatibles	BR	_
34	▁avec	ER	_
35	▁l	BO	_
36	'	EL	_
37	habitat	EL	_
38	.	O	_


1	▁En	BT	_
2	▁2015,	ET	_
3	▁le	BN	_
4	▁Plan	IO	_
5	▁Local	IO	_
6	▁d	IO	_
7	'	IO	_
8	Urbanisme	EO	_
9	▁est	O	_
10	▁en	BT	_
11	▁cours	IT	_
12	▁d	IT	_
13	'	BN	_
14	élaboration	EN	_
15	▁et	O	_
16	▁prévoit	BR	_
17	▁de	ER	_
18	▁classer	BN	_
19	▁le	BO	_
20	▁secteur	IO	_
21	▁à	IO	_
22	▁vocation	EN	_
23	▁résidentielle	EN	_
24	.	O	_


1	▁Cette	BN	_
2	▁re	EN	_
3	qual	EN	_
4	ification	EN	_
5	▁sera	BN	_
6	▁mise	IN	_
7	▁en	IN	_
8	▁œuvre	EN	_
9	▁après	BR	_
10	▁la	BN	_
11	▁levée	EN	_
12	▁des	BO	_
13	▁servitude	IO	_
14	s	IO	_
15	▁de	IO	_
16	▁restrictions	IO	_
17	▁d	IO	_
18	'	IO	_
19	usage	EO	_
20	.	O	_


1	▁La	BO	_
2	▁société	IO	_
3	▁VER	EO	_
4	ON	EO	_
5	▁a	BN	_
6	▁été	IN	_
7	▁autorisée	IN	_
8	▁à	IN	_
9	▁exercer	EN	_
10	▁une	BA	_
11	▁activité	IA	_
12	▁d	IA	_
13	'	IA	_
14	eff	EA	_
15	il	EA	_
16	o	EA	_
17	chage	BA	_
18	▁de	IA	_
19	▁textile	EA	_
20	s	EA	_
21	▁et	O	_
22	▁activité	O	_
23	▁annexes	O	_
24	▁(	O	_
25	t	O	_
26	elles	O	_
27	▁que	O	_
28	▁blanc	BA	_
29	h	BA	_
30	isserie	BA	_
31	,	O	_
32	▁cas	BA	_
33	s	BA	_
34	age	BA	_
35	▁des	IA	_
36	▁métaux	EA	_
37	,	O	_
38	▁dépôt	BO	_
39	▁d	IA	_
40	'	IA	_
41	os	IA	_
42	▁et	IA	_
43	▁papiers	IA	_
44	▁usagé	EA	_
45	s	EA	_
46	)	O	_
47	▁par	O	_
48	▁arrêté	BO	_
49	▁préfectoral	EO	_
50	▁du	O	_
51	▁10	BT	_
52	▁février	IT	_
53	▁1962	ET	_
54	.	ET	_


1	▁Après	BT	_
2	▁1995,	ET	_
3	▁la	BO	_
4	▁société	IO	_
5	▁SNC	IO	_
6	▁Les	EO	_
7	▁Baud	EO	_
8	ières	EO	_
9	▁reprend	O	_
10	▁l	BO	_
11	'	BO	_
12	activité	EO	_
13	▁sur	O	_
14	▁le	O	_
15	▁site	O	_
16	.	O	_


1	▁La	BO	_
2	▁SNC	IO	_
3	▁Les	IO	_
4	▁Baud	EO	_
5	ières	EO	_
6	▁a	BN	_
7	▁déclaré	IN	_
8	▁sa	IN	_
9	▁cessation	IN	_
10	▁d	IN	_
11	'	IN	_
12	activité	EN	_
13	▁en	BT	_
14	▁avril	IT	_
15	▁2003	ET	_
16	.	ET	_


1	▁A	O	_
2	▁cette	O	_
3	▁occasion	O	_
4	,	O	_
5	▁un	BN	_
6	▁diagnostic	IN	_
7	▁environnemental	EN	_
8	▁du	O	_
9	▁site	BO	_
10	▁a	BN	_
11	▁été	IN	_
12	▁réalisé	EN	_
13	▁et	O	_
14	▁mis	O	_
15	▁en	O	_
16	▁évidence	O	_
17	▁une	BN	_
18	▁pollution	IN	_
19	▁des	IN	_
20	▁sols	EN	_
21	.	O	_


1	▁La	BO	_
2	▁société	IO	_
3	▁Rom	IO	_
4	i	IO	_
5	▁Re	IO	_
6	cycl	EO	_
7	age	EO	_
8	▁a	BN	_
9	▁été	IN	_
10	▁autorisée	IN	_
11	▁à	IN	_
12	▁exercer	EN	_
13	,	O	_
14	▁sur	BL	_
15	▁le	IL	_
16	▁site	EL	_
17	,	O	_
18	▁une	BA	_
19	▁activité	IA	_
20	▁de	IA	_
21	▁transit	IA	_
22	▁de	IA	_
23	▁déchets	IA	_
24	▁industriels	EA	_
25	▁par	O	_
26	▁arrêté	BO	_
27	▁préfectoral	EO	_
28	▁25	BT	_
29	▁janvier	IT	_
30	▁2007.	ET	_


1	▁L	BO	_
2	'	BO	_
3	arrêté	IO	_
4	▁préfectoral	EO	_
5	▁du	O	_
6	▁27	BT	_
7	▁février	IT	_
8	▁2009	ET	_
9	▁complète	O	_
10	▁ce	O	_
11	▁premier	O	_
12	▁arrêté	O	_
13	▁en	O	_
14	▁autorisant	BR	_
15	▁une	BA	_
16	▁activité	IA	_
17	▁de	IA	_
18	▁bro	IA	_
19	y	IA	_
20	age	IA	_
21	▁de	IA	_
22	▁déchets	IA	_
23	▁encombrant	EA	_
24	s	EA	_
25	.	O	_


1	▁Dans	O	_
2	▁l	BO	_
3	'	BO	_
4	arrêté	IO	_
5	▁initial	EO	_
6	▁de	BT	_
7	▁2007	ET	_
8	▁figurent	BR	_
9	▁des	BO	_
10	▁restrictions	IO	_
11	▁d	EO	_
12	'	EO	_
13	usage	EO	_
14	.	O	_


1	▁La	BO	_
2	▁partie	IO	_
3	▁Nord	IO	_
4	▁du	IO	_
5	▁site	EO	_
6	▁a	BN	_
7	▁été	IN	_
8	▁remise	IN	_
9	▁en	IN	_
10	▁état	EN	_
11	▁et	O	_
12	▁constatée	O	_
13	▁par	O	_
14	▁l	BO	_
15	'	BO	_
16	inspection	IO	_
17	▁des	IO	_
18	▁installations	IO	_
19	▁classées	EO	_
20	▁en	BT	_
21	▁novembre	IT	_
22	▁2000	ET	_
23	▁(	O	_
24	parc	O	_
25	elles	O	_
26	▁	O	_
27	EK	O	_
28	88	O	_
29	▁et	O	_
30	▁	O	_
31	EK	O	_
32	93	O	_
33	).	O	_


1	▁L	BO	_
2	'	BO	_
3	arrêté	IO	_
4	▁préfectoral	EO	_
5	▁du	BT	_
6	▁8	IT	_
7	▁février	IT	_
8	▁2001	ET	_
9	▁prescrit	BN	_
10	▁la	BN	_
11	▁réalisation	IN	_
12	▁d	IN	_
13	'	IN	_
14	un	IN	_
15	▁diagnostic	IN	_
16	▁approfondi	EN	_
17	▁et	O	_
18	▁d	O	_
19	'	BN	_
20	une	BN	_
21	▁évaluation	IN	_
22	▁détaillée	IN	_
23	▁des	IN	_
24	▁risques	EN	_
25	▁(	O	_
26	E	O	_
27	DR	O	_
28	)	O	_
29	▁pour	O	_
30	▁la	BO	_
31	▁partie	IO	_
32	▁Sud	IO	_
33	▁du	IO	_
34	▁site	EO	_
35	▁(	O	_
36	parc	O	_
37	elles	O	_
38	▁	O	_
39	EK	O	_
40	72	O	_
41	,	O	_
42	▁	O	_
43	EK	O	_
44	▁73	O	_
45	▁et	O	_
46	▁	O	_
47	EK	O	_
48	▁94	O	_
49	).	O	_


1	▁Le	BN	_
2	▁diagnostic	EN	_
3	▁environnemental	EN	_
4	▁a	O	_
5	▁mis	O	_
6	▁en	O	_
7	▁évidence	O	_
8	▁une	BN	_
9	▁pollution	IN	_
10	▁des	IN	_
11	▁sols	EN	_
12	▁par	O	_
13	▁des	O	_
14	▁	O	_
15	hydrocarbures	BO	_
16	▁to	EO	_
17	taux	O	_
18	▁(	O	_
19	H	O	_
20	CT	O	_
21	),	O	_
22	▁des	O	_
23	▁	O	_
24	hydrocarbures	O	_
25	▁aromatique	O	_
26	s	O	_
27	▁(	O	_
28	H	O	_
29	AP	O	_
30	)	O	_
31	▁et	O	_
32	▁des	O	_
33	▁PC	O	_
34	B	O	_
35	,	O	_
36	▁du	O	_
37	e	O	_
38	▁à	O	_
39	▁la	BA	_
40	▁première	IL	_
41	▁activité	IL	_
42	▁exercée	IL	_
43	▁sur	IL	_
44	▁le	IL	_
45	▁site	EL	_
46	.	O	_


1	▁L	O	_
2	'	O	_
3	E	O	_
4	DR	O	_
5	▁a	O	_
6	▁permis	O	_
7	▁de	O	_
8	▁mettre	O	_
9	▁en	O	_
10	▁évidence	O	_
11	▁:	O	_


1	▁-	O	_
2	▁la	O	_
3	▁présence	O	_
4	▁d	O	_
5	'	O	_
6	une	O	_
7	▁couche	O	_
8	▁pollué	O	_
9	e	O	_
10	▁en	O	_
11	▁profondeur	O	_
12	▁par	O	_
13	▁des	O	_
14	▁	O	_
15	hydrocarbures	O	_
16	▁et	O	_
17	▁ponctuellement	O	_
18	▁par	O	_
19	▁des	O	_
20	▁PC	O	_
21	B	O	_
22	,	O	_
23	▁du	O	_
24	▁plomb	O	_
25	▁et	O	_
26	▁du	O	_
27	▁zinc	O	_
28	▁;	O	_


1	▁-	O	_
2	▁la	O	_
3	▁présence	O	_
4	▁d	O	_
5	'	O	_
6	une	O	_
7	▁pollution	O	_
8	▁de	O	_
9	▁surface	O	_
10	▁en	O	_
11	▁	O	_
12	ars	EO	_
13	en	EO	_
14	ic	EO	_
15	,	O	_
16	▁plomb	O	_
17	,	O	_
18	▁	O	_
19	chrome	O	_
20	,	O	_
21	▁cuivre	O	_
22	▁et	O	_
23	▁nickel	O	_
24	▁;	O	_


1	▁-	O	_
2	▁la	O	_
3	▁présence	O	_
4	▁de	O	_
5	▁to	O	_
6	lu	O	_
7	ène	O	_
8	▁et	O	_
9	▁ben	O	_
10	z	O	_
11	ène	O	_
12	▁dans	O	_
13	▁l	O	_
14	'	O	_
15	air	O	_
16	▁du	O	_
17	▁sol	O	_
18	▁;	O	_


1	▁-	O	_
2	▁la	O	_
3	▁présence	O	_
4	▁d	O	_
5	'	O	_
6	H	O	_
7	CT	O	_
8	▁dans	O	_
9	▁le	O	_
10	▁pié	O	_
11	z	O	_
12	omètre	O	_
13	▁aval	O	_
14	.	O	_


1	▁L	O	_
2	'	O	_
3	E	O	_
4	DR	O	_
5	▁conclut	O	_
6	▁en	O	_
7	▁un	O	_
8	▁risque	O	_
9	▁c	O	_
10	ancé	O	_
11	ri	O	_
12	gène	O	_
13	▁sur	O	_
14	▁l	O	_
15	'	O	_
16	ensemble	O	_
17	▁du	O	_
18	▁site	O	_
19	▁pour	O	_
20	▁un	BA	_
21	▁usage	IA	_
22	▁industriel	EA	_
23	,	O	_
24	▁essentiellement	O	_
25	▁lié	O	_
26	▁à	O	_
27	▁la	O	_
28	▁présence	O	_
29	▁d	O	_
30	'	BO	_
31	ars	EO	_
32	en	EO	_
33	ic	EO	_
34	▁sur	O	_
35	▁une	O	_
36	▁zone	O	_
37	▁superficielle	O	_
38	▁du	O	_
39	▁site	O	_
40	.	O	_


1	▁La	BO	_
2	▁SNC	IO	_
3	▁Les	IO	_
4	▁Baud	EO	_
5	ières	EO	_
6	▁a	BN	_
7	▁donc	IN	_
8	▁ex	EN	_
9	ca	EN	_
10	vé	EN	_
11	▁les	BO	_
12	▁terres	IO	_
13	▁pollué	EO	_
14	es	EO	_
15	▁et	O	_
16	▁re	BN	_
17	mbl	EN	_
18	ay	EN	_
19	é	EN	_
20	▁la	BO	_
21	▁zone	EO	_
22	▁par	O	_
23	▁des	BO	_
24	▁matériaux	EO	_
25	▁non	O	_
26	▁pollué	O	_
27	s	O	_
28	.	O	_


1	▁Toutefois	O	_
2	,	O	_
3	▁une	O	_
4	▁pollution	O	_
5	▁résiduel	O	_
6	le	O	_
7	▁en	O	_
8	▁	BO	_
9	ars	EO	_
10	en	EO	_
11	ic	EO	_
12	▁est	O	_
13	▁présente	O	_
14	▁sous	O	_
15	▁la	O	_
16	▁couche	O	_
17	▁de	O	_
18	▁terre	O	_
19	▁saine	O	_
20	.	O	_


1	▁Des	BO	_
2	▁restrictions	IO	_
3	▁d	EO	_
4	'	BO	_
5	usage	EO	_
6	▁ont	BN	_
7	▁été	IN	_
8	▁prises	EN	_
9	▁pour	O	_
10	▁tenir	O	_
11	▁compte	O	_
12	▁de	O	_
13	▁cette	O	_
14	▁pollution	O	_
15	▁dans	O	_
16	▁l	BO	_
17	'	BO	_
18	arrêté	IO	_
19	▁préfectoral	EO	_
20	▁de	O	_
21	▁la	BO	_
22	▁nouvelle	IO	_
23	▁installation	IO	_
24	▁autorisée	EO	_
25	▁sur	O	_
26	▁le	O	_
27	▁site	O	_
28	▁(	O	_
29	société	O	_
30	▁Rom	O	_
31	i	O	_
32	▁Re	O	_
33	cycl	BA	_
34	age	BA	_
35	).	O	_


1	▁L	BO	_
2	'	BO	_
3	arrêté	IO	_
4	▁préfectoral	EO	_
5	▁du	IO	_
6	▁10	BT	_
7	▁mai	IT	_
8	▁2004	ET	_
9	▁prescrit	BN	_
10	▁la	BA	_
11	▁surveillance	IA	_
12	▁des	IA	_
13	▁eaux	IA	_
14	▁souterrain	EA	_
15	es	EA	_
16	▁:	O	_


1	▁-	O	_
2	▁2	O	_
3	▁fois	O	_
4	▁par	O	_
5	▁an	O	_
6	,	O	_


1	▁-	O	_
2	▁par	O	_
3	▁5	O	_
4	▁pié	O	_
5	z	O	_
6	omètre	O	_
7	s	O	_
8	,	O	_


1	▁-	O	_
2	▁pour	O	_
3	▁les	O	_
4	▁paramètres	O	_
5	▁PC	O	_
6	B	O	_
7	,	O	_
8	hydrocarbures	O	_
9	▁to	O	_
10	taux	O	_
11	▁(	O	_
12	C	O	_
13	10	O	_
14	-	O	_
15	C	O	_
16	40)	O	_
17	,	O	_
18	▁	O	_
19	hydrocarbures	O	_
20	▁aromatique	O	_
21	s	O	_
22	▁poly	O	_
23	cycl	O	_
24	iques	O	_
25	▁(	O	_
26	H	O	_
27	AP	O	_
28	),	O	_
29	▁métaux	O	_
30	▁lourds	O	_
31	▁(	O	_
32	chrome	O	_
33	,	O	_
34	▁zinc	O	_
35	,	O	_
36	▁plomb	O	_
37	,	O	_
38	▁	O	_
39	ars	O	_
40	en	O	_
41	ic	O	_
42	).	O	_


1	▁Les	O	_
2	▁résultats	O	_
3	▁des	O	_
4	▁analyses	O	_
5	▁des	O	_
6	▁eaux	O	_
7	▁souterrain	O	_
8	es	O	_
9	▁mettent	O	_
10	▁en	O	_
11	▁évidence	O	_
12	,	O	_
13	▁de	BT	_
14	▁2006	IT	_
15	▁à	IT	_
16	▁2011	ET	_
17	▁:	O	_


1	▁-	O	_
2	▁pour	O	_
3	▁les	O	_
4	▁	O	_
5	hydrocarbures	O	_
6	▁:	O	_
7	▁des	O	_
8	▁teneur	O	_
9	s	O	_
10	▁relativement	O	_
11	▁faibles	O	_
12	,	O	_
13	▁voire	O	_
14	▁inférieure	O	_
15	s	O	_
16	▁aux	O	_
17	▁limites	O	_
18	▁de	O	_
19	▁quant	O	_
20	ification	O	_
21	,	O	_
22	▁avec	O	_
23	▁une	O	_
24	▁augmentation	O	_
25	▁significative	O	_
26	▁ponctuelle	O	_
27	▁pour	O	_
28	▁un	O	_
29	▁pié	O	_
30	z	O	_
31	omètre	O	_
32	▁;	O	_


1	▁-	O	_
2	▁pour	O	_
3	▁les	O	_
4	▁H	O	_
5	AP	O	_
6	▁:	O	_
7	▁apparition	O	_
8	▁en	BT	_
9	▁2008,	ET	_
10	▁notamment	O	_
11	▁du	O	_
12	▁n	O	_
13	a	O	_
14	phtal	O	_
15	ène	O	_
16	▁et	O	_
17	▁de	O	_
18	▁l	O	_
19	'	O	_
20	ac	O	_
21	éna	O	_
22	ph	O	_
23	ty	O	_
24	lène	O	_
25	▁et	O	_
26	▁le	BN	_
27	▁dépassement	IN	_
28	▁des	IN	_
29	▁limites	EN	_
30	▁pour	O	_
31	▁les	BO	_
32	▁eaux	IO	_
33	▁potable	EO	_
34	s	EO	_
35	▁en	O	_
36	▁ce	O	_
37	▁qui	O	_
38	▁concerne	O	_
39	▁la	O	_
40	▁somme	O	_
41	▁d	O	_
42	'	O	_
43	H	O	_
44	AP	O	_
45	▁en	BT	_
46	▁2010	ET	_
47	▁;	O	_


1	▁-	O	_
2	▁pour	O	_
3	▁les	O	_
4	▁PC	O	_
5	B	O	_
6	▁:	O	_
7	▁teneur	O	_
8	s	O	_
9	▁inférieure	O	_
10	s	O	_
11	▁aux	O	_
12	▁limites	O	_
13	▁de	O	_
14	▁quant	O	_
15	ification	O	_
16	▁(	O	_
17	pré	O	_
18	s	O	_
19	ence	O	_
20	▁ponctuelle	O	_
21	▁de	O	_
22	▁PC	O	_
23	B	O	_
24	▁à	O	_
25	▁l	O	_
26	’	O	_
27	état	O	_
28	▁de	O	_
29	▁traces	O	_
30	▁dans	O	_
31	▁un	O	_
32	▁pié	O	_
33	z	O	_
34	omètre	O	_
35	),	O	_


1	▁-	O	_
2	▁pour	O	_
3	▁les	O	_
4	▁éléments	O	_
5	▁traces	O	_
6	▁métalliques	O	_
7	▁:	O	_
8	▁l	BN	_
9	’	BN	_
10	apparition	EN	_
11	▁de	O	_
12	▁concentration	O	_
13	s	O	_
14	▁significative	O	_
15	s	O	_
16	▁en	BT	_
17	▁2008	ET	_
18	▁pour	O	_
19	▁l	BO	_
20	’	BO	_
21	ars	EO	_
22	en	EO	_
23	ic	EO	_
24	▁et	O	_
25	▁en	BT	_
26	▁2009	ET	_
27	▁pour	O	_
28	▁le	O	_
29	▁zinc	O	_
30	,	O	_
31	▁puis	O	_
32	▁une	O	_
33	▁tendance	O	_
34	▁nette	O	_
35	▁à	O	_
36	▁la	O	_
37	▁diminution	O	_
38	▁pour	O	_
39	▁ces	O	_
40	▁deux	O	_
41	▁paramètres	O	_
42	.	O	_


1	▁La	BO	_
2	▁société	IO	_
3	▁Bar	IO	_
4	▁Station	IO	_
5	▁LE	IO	_
6	▁DO	EO	_
7	UA	EO	_
8	RIN	EO	_
9	▁a	BN	_
10	▁été	IN	_
11	▁autorisé	IN	_
12	▁à	IN	_
13	▁exploiter	EN	_
14	▁une	BO	_
15	▁station	IO	_
16	▁service	EO	_
17	▁(	O	_
18	dé	O	_
19	p	O	_
20	ôt	O	_
21	▁d	O	_
22	'	O	_
23	hydrocarbures	O	_
24	▁liquides	O	_
25	)	O	_
26	▁par	O	_
27	▁ré	BO	_
28	cé	EO	_
29	p	EO	_
30	issé	EO	_
31	▁de	BN	_
32	▁déclaration	EN	_
33	▁du	BT	_
34	▁31	IT	_
35	▁janvier	IT	_
36	▁1977	ET	_
37	.	O	_


1	▁Mais	O	_
2	▁il	O	_
3	▁semblerait	O	_
4	▁que	O	_
5	▁le	BO	_
6	▁même	IO	_
7	▁type	IO	_
8	▁d	IO	_
9	'	IO	_
10	activité	EO	_
11	▁existait	BR	_
12	▁sur	ER	_
13	▁le	BO	_
14	▁site	EO	_
15	▁depuis	BT	_
16	▁les	IT	_
17	▁années	IT	_
18	▁1920	ET	_
19	.	O	_


1	▁L	BO	_
2	'	BO	_
3	activité	EO	_
4	▁a	BN	_
5	▁cessé	EN	_
6	▁vers	BT	_
7	▁1985	IT	_
8	-19	ET	_
9	86	ET	_
10	,	O	_
11	▁sans	O	_
12	▁déclaration	EN	_
13	.	O	_


1	▁Aucun	BO	_
2	▁	BO	_
3	exploitant	EO	_
4	▁n	O	_
5	'	O	_
6	existe	O	_
7	▁à	BT	_
8	▁ce	IT	_
9	▁jour	ET	_
10	.	O	_


1	▁L	BO	_
2	'	IO	_
3	usage	IO	_
4	▁du	IO	_
5	▁site	EO	_
6	▁a	BN	_
7	▁été	IN	_
8	▁modifié	EN	_
9	▁et	O	_
10	▁converti	BN	_
11	▁en	IN	_
12	▁résidences	EN	_
13	▁particulières	EO	_
14	▁(	O	_
15	plusieurs	O	_
16	▁logements	O	_
17	).	O	_


1	▁Suite	BR	_
2	▁à	ER	_
3	▁la	BO	_
4	▁plainte	EO	_
5	▁d	O	_
6	'	BO	_
7	un	BO	_
8	▁des	EO	_
9	▁propriétaires	EO	_
10	▁concernant	O	_
11	▁une	BO	_
12	▁n	EO	_
13	uis	EO	_
14	ance	EO	_
15	▁	EO	_
16	olf	EO	_
17	active	EO	_
18	,	O	_
19	▁un	BO	_
20	▁inspecteur	IO	_
21	▁des	IO	_
22	▁installations	IO	_
23	▁classées	EO	_
24	▁et	O	_
25	▁un	BO	_
26	▁ingénieur	BO	_
27	▁d	IO	_
28	'	IO	_
29	étude	IO	_
30	▁sanitaire	EO	_
31	▁se	BN	_
32	▁sont	IN	_
33	▁rendus	EN	_
34	▁sur	EN	_
35	place	EN	_
36	▁pour	BN	_
37	▁constater	IN	_
38	▁les	IN	_
39	▁dés	EN	_
40	agrément	EN	_
41	s	EN	_
42	.	O	_


1	▁Il	O	_
2	▁a	O	_
3	▁été	O	_
4	▁mis	O	_
5	▁en	O	_
6	▁évidence	O	_
7	▁la	O	_
8	▁présence	O	_
9	▁de	O	_
10	▁cuve	O	_
11	s	O	_
12	▁d	O	_
13	'	O	_
14	essence	O	_
15	▁et	O	_
16	▁ga	O	_
17	so	BO	_
18	il	BO	_
19	▁enterré	EO	_
20	es	O	_
21	▁et	O	_
22	▁non	O	_
23	▁	O	_
24	vid	O	_
25	ang	O	_
26	ées	O	_
27	▁dans	O	_
28	▁leur	O	_
29	▁intégralité	O	_
30	,	O	_
31	▁générant	O	_
32	▁des	O	_
33	▁odeurs	O	_
34	.	O	_


1	▁Afin	BR	_
2	▁de	ER	_
3	▁mettre	BN	_
4	▁en	IN	_
5	▁sécurité	EN	_
6	▁le	BO	_
7	▁site	EO	_
8	,	O	_
9	▁vis	BR	_
10	-	BR	_
11	à	BR	_
12	-	BR	_
13	vis	BR	_
14	▁des	BO	_
15	▁occupants	EO	_
16	,	O	_
17	▁un	BO	_
18	▁prestataire	EO	_
19	▁de	O	_
20	▁l	O	_
21	'	BO	_
22	ADEME	EO	_
23	▁c	BN	_
24	'	BN	_
25	est	IN	_
26	▁rendu	EN	_
27	▁sur	IN	_
28	▁site	EN	_
29	▁avec	BO	_
30	▁un	BO	_
31	▁inspecteur	EO	_
32	▁de	O	_
33	▁la	BO	_
34	▁D	EO	_
35	REAL	EO	_
36	▁le	BT	_
37	▁16	IT	_
38	▁octobre	IT	_
39	▁2015.	ET	_


1	▁Les	O	_
2	▁mesures	O	_
3	▁proposées	O	_
4	▁sont	O	_
5	▁les	O	_
6	▁suivantes	O	_
7	▁:	O	_


1	▁-	O	_
2	▁dans	O	_
3	▁un	O	_
4	▁premier	O	_
5	▁temps	O	_
6	,	O	_
7	▁mise	O	_
8	▁en	O	_
9	▁sécurité	O	_
10	▁:	O	_
11	▁vidange	EN	_
12	,	O	_
13	▁dé	BN	_
14	gaz	BN	_
15	age	BN	_
16	▁et	O	_
17	▁ne	BN	_
18	ut	EN	_
19	r	BN	_
20	alisation	BN	_
21	▁des	O	_
22	▁réservoir	BO	_
23	s	BO	_
24	▁et	O	_
25	▁des	BO	_
26	▁installations	IO	_
27	▁pétrolière	EO	_
28	s	O	_
29	▁;	O	_


1	▁-	O	_
2	▁dans	O	_
3	▁un	O	_
4	▁second	O	_
5	▁temps	O	_
6	,	O	_
7	▁vérifier	O	_
8	▁l	O	_
9	'	O	_
10	absence	BO	_
11	▁de	IO	_
12	▁source	IO	_
13	▁de	IO	_
14	▁pollution	EO	_
15	▁concentrée	O	_
16	▁et	O	_
17	▁de	O	_
18	▁risques	O	_
19	▁sanitaires	O	_
20	▁liés	O	_
21	▁à	O	_
22	▁l	O	_
23	'	O	_
24	état	O	_
25	▁actuel	O	_
26	▁constaté	O	_
27	▁par	O	_
28	▁la	BN	_
29	▁réalisation	IN	_
30	▁d	ER	_
31	'	ER	_
32	un	BN	_
33	▁diagnostic	EN	_
34	▁de	O	_
35	▁qualité	O	_
36	▁des	O	_
37	▁milieux	O	_
38	▁et	O	_
39	▁d	O	_
40	'	O	_
41	une	O	_
42	▁étude	O	_
43	▁d	O	_
44	'	O	_
45	évaluation	O	_
46	▁des	O	_
47	▁risques	O	_
48	▁sa	O	_
49	nia	O	_
50	taires	O	_
51	▁si	O	_
52	▁besoin	O	_
53	.	O	_


1	▁Les	O	_
2	▁budgets	O	_
3	▁d	O	_
4	'	O	_
5	intervention	O	_
6	,	O	_
7	▁suivant	O	_
8	▁les	O	_
9	▁conditions	O	_
10	▁d	O	_
11	'	O	_
12	intervention	O	_
13	▁de	O	_
14	▁l	O	_
15	'	BO	_
16	ADEME	EO	_
17	▁techniques	O	_
18	▁et	O	_
19	▁financières	O	_
20	,	O	_
21	▁doivent	O	_
22	▁être	O	_
23	▁décidé	O	_
24	s	O	_
25	▁au	O	_
26	▁niveau	O	_
27	▁national	O	_
28	.	O	_


1	▁Le	BO	_
2	▁dépôt	IO	_
3	▁d	IO	_
4	'	IO	_
5	hydrocarbures	EO	_
6	▁existe	BN	_
7	▁depuis	BT	_
8	▁1968	ET	_
9	.	ET	_


1	▁L	BO	_
2	'	BO	_
3	arrêté	IO	_
4	▁préfectoral	EO	_
5	▁du	O	_
6	▁13	BT	_
7	▁janvier	IT	_
8	▁1987	ET	_
9	,	O	_
10	▁complété	O	_
11	▁par	O	_
12	▁l	BO	_
13	'	BO	_
14	arrêté	IO	_
15	▁préfectoral	EO	_
16	▁du	O	_
17	▁26	BT	_
18	▁mars	IT	_
19	▁1996,	ET	_
20	▁autorise	BN	_
21	▁la	BO	_
22	▁société	IO	_
23	▁GROUPE	IO	_
24	MENT	IO	_
25	▁PE	EO	_
26	TRO	EO	_
27	LIER	BO	_
28	▁DE	IO	_
29	▁BR	EO	_
30	EST	EO	_
31	▁à	O	_
32	▁exploiter	BN	_
33	▁un	BO	_
34	▁dépôt	BO	_
35	▁d	IO	_
36	'	IO	_
37	hydrocarbures	EO	_
38	.	O	_


1	▁La	BN	_
2	▁déclaration	EN	_
3	▁de	O	_
4	▁cessation	BN	_
5	▁d	IN	_
6	'	IN	_
7	activité	EN	_
8	▁est	O	_
9	▁datée	BT	_
10	▁du	IT	_
11	▁3	IT	_
12	▁janvier	IT	_
13	▁2002	ET	_
14	.	O	_


1	▁Le	BO	_
2	▁site	EO	_
3	▁est	IR	_
4	▁actuellement	IR	_
5	▁utilisé	IR	_
6	▁comme	ER	_
7	▁parking	EL	_
8	.	O	_


1	▁La	BN	_
2	▁rupture	IO	_
3	▁d	IO	_
4	’	IO	_
5	une	IO	_
6	▁soudure	EO	_
7	▁sur	O	_
8	▁le	O	_
9	▁fond	O	_
10	▁d	O	_
11	’	O	_
12	un	O	_
13	▁réservoir	O	_
14	▁de	O	_
15	▁stockage	O	_
16	▁survenue	O	_
17	▁en	BT	_
18	▁1995	ET	_
19	▁a	BN	_
20	▁provoqué	EN	_
21	▁l	BR	_
22	'	ER	_
23	écoulement	BN	_
24	▁de	IN	_
25	▁ga	EN	_
26	so	EN	_
27	il	EA	_
28	,	O	_
29	▁générant	BN	_
30	▁une	BN	_
31	▁pollution	IN	_
32	▁des	IN	_
33	▁eaux	EN	_
34	▁et	O	_
35	▁des	O	_
36	▁sols	O	_
37	.	O	_


1	▁Une	BN	_
2	▁étude	IN	_
3	▁de	IN	_
4	▁sol	EN	_
5	▁et	O	_
6	▁un	BN	_
7	▁pompage	EN	_
8	▁avec	O	_
9	▁r	BN	_
10	abattement	BN	_
11	▁de	IN	_
12	▁la	IN	_
13	▁n	EN	_
14	appe	EN	_
15	▁ont	BN	_
16	▁été	IN	_
17	▁réalisés	EN	_
18	▁en	BT	_
19	▁1996	ET	_
20	▁mais	O	_
21	▁seulement	O	_
22	▁une	BO	_
23	▁partie	IO	_
24	▁de	IO	_
25	▁la	IO	_
26	▁pollution	EO	_
27	▁a	BN	_
28	▁été	IN	_
29	▁récupéré	EN	_
30	e	EN	_
31	.	O	_


1	▁Une	BA	_
2	▁surveillance	BA	_
3	▁des	IA	_
4	▁eaux	IA	_
5	▁souterrain	EA	_
6	e	EA	_
7	▁a	BN	_
8	▁donc	IN	_
9	▁été	IN	_
10	▁mise	EN	_
11	▁en	EN	_
12	▁place	EN	_
13	.	O	_


1	▁Les	O	_
2	▁prélèvements	O	_
3	▁confirment	O	_
4	▁la	BO	_
5	▁contamination	EO	_
6	▁des	O	_
7	▁eaux	O	_
8	▁souterrain	O	_
9	es	O	_
10	.	O	_


1	▁Dans	BR	_
2	▁le	IR	_
3	▁cadre	IR	_
4	▁de	ER	_
5	▁la	BN	_
6	▁cessation	BN	_
7	▁d	IN	_
8	'	IN	_
9	activité	EN	_
10	,	O	_
11	▁un	BN	_
12	▁diagnostic	IN	_
13	▁des	IN	_
14	▁sols	EN	_
15	▁a	BN	_
16	▁été	IN	_
17	▁réalisé	EN	_
18	▁au	BT	_
19	▁cours	BT	_
20	▁du	IT	_
21	▁printemps	IT	_
22	▁2003	ET	_
23	.	ET	_


1	▁Il	O	_
2	▁met	O	_
3	▁en	O	_
4	▁évidence	O	_
5	▁un	BO	_
6	▁site	IO	_
7	▁contaminé	EO	_
8	▁par	O	_
9	▁des	O	_
10	▁	BO	_
11	hydrocarbures	EO	_
12	▁et	O	_
13	▁des	O	_
14	▁métaux	BO	_
15	▁lourds	EO	_
16	.	O	_


1	▁Une	BN	_
2	▁étude	IN	_
3	▁détaillée	IN	_
4	▁des	IN	_
5	▁risques	EN	_
6	▁(	O	_
7	E	O	_
8	DR	BN	_
9	)	BN	_
10	▁a	BN	_
11	▁été	IN	_
12	▁réalisé	EN	_
13	▁en	BT	_
14	▁juillet	IT	_
15	▁2004.	ET	_


1	▁De	BN	_
2	▁nouvelles	IN	_
3	▁investigations	IN	_
4	▁de	IN	_
5	▁terrain	EN	_
6	,	O	_
7	▁suivant	O	_
8	▁un	O	_
9	▁maillage	O	_
10	▁plus	O	_
11	▁fin	O	_
12	▁ont	BN	_
13	▁été	IN	_
14	▁conduite	EN	_
15	s	EN	_
16	▁au	BT	_
17	▁cours	ET	_
18	▁de	BT	_
19	▁l	IT	_
20	'	BT	_
21	année	IT	_
22	▁2005.	ET	_


1	▁La	BN	_
2	▁reprise	IN	_
3	▁des	IN	_
4	▁terrains	EN	_
5	▁étant	O	_
6	▁envisagée	O	_
7	,	O	_
8	▁un	BO	_
9	▁programme	EO	_
10	▁de	IO	_
11	▁réhabilitation	EO	_
12	▁a	BN	_
13	▁été	IN	_
14	▁réalisé	EN	_
15	.	O	_


1	▁Les	BN	_
2	▁travaux	IN	_
3	▁de	IN	_
4	▁bio	EN	_
5	re	EN	_
6	médi	EN	_
7	ation	EN	_
8	▁sur	O	_
9	▁site	O	_
10	▁ont	BN	_
11	▁été	IN	_
12	▁réalisés	EN	_
13	▁entre	BT	_
14	▁juillet	IT	_
15	▁2006	IT	_
16	▁et	IT	_
17	▁mars	IT	_
18	▁2008.	ET	_


1	▁Une	BN	_
2	▁analyse	BN	_
3	▁des	IO	_
4	▁risques	IO	_
5	▁rési	EO	_
6	du	EO	_
7	aires	O	_
8	▁(	O	_
9	ARR	O	_
10	)	O	_
11	▁début	BT	_
12	▁2008	ET	_
13	▁confirme	O	_
14	▁la	O	_
15	▁compatibilité	O	_
16	▁de	O	_
17	▁la	O	_
18	▁l	O	_
19	'	O	_
20	état	O	_
21	▁du	O	_
22	▁site	O	_
23	▁(	O	_
24	pré	O	_
25	s	O	_
26	ence	O	_
27	▁d	O	_
28	'	O	_
29	une	O	_
30	▁pollution	O	_
31	▁résiduel	O	_
32	le	O	_
33	)	O	_
34	▁avec	O	_
35	▁les	BA	_
36	▁usages	EA	_
37	▁envisagé	EA	_
38	s	EA	_
39	▁(	O	_
40	activités	BA	_
41	▁tertiaire	EA	_
42	s	EA	_
43	,	O	_
44	▁stationnement	O	_
45	,	O	_
46	▁tête	O	_
47	▁de	O	_
48	▁ligne	O	_
49	▁de	O	_
50	▁bus	O	_
51	).	O	_


1	▁Un	BO	_
2	▁procès	IO	_
3	▁verbal	IO	_
4	▁de	IO	_
5	▁r	EN	_
6	école	EN	_
7	ment	EN	_
8	▁du	O	_
9	▁26	BT	_
10	▁novembre	IT	_
11	▁2010	ET	_
12	▁en	BN	_
13	cadre	BN	_
14	▁la	BN	_
15	▁cessation	BN	_
16	▁d	IN	_
17	'	IN	_
18	activité	EN	_
19	.	O	_


1	▁Du	O	_
2	▁fait	O	_
3	▁de	O	_
4	▁la	O	_
5	▁présence	O	_
6	▁d	O	_
7	'	O	_
8	une	O	_
9	▁pollution	O	_
10	▁résiduel	O	_
11	le	O	_
12	,	O	_
13	▁l	BO	_
14	'	BO	_
15	arrêté	IO	_
16	▁préfectoral	EO	_
17	▁du	O	_
18	▁10	BT	_
19	▁mars	IT	_
20	▁2011	ET	_
21	▁in	BN	_
22	stitu	BN	_
23	e	BN	_
24	▁des	BN	_
25	▁servitude	IO	_
26	s	IO	_
27	▁d	IO	_
28	'	IO	_
29	utilité	IO	_
30	▁publiques	EO	_
31	.	O	_


1	▁La	BN	_
2	▁surveillance	IN	_
3	▁mise	EN	_
4	▁en	EN	_
5	▁place	EN	_
6	▁montre	O	_
7	▁que	O	_
8	▁la	BO	_
9	▁qualité	IO	_
10	▁des	IO	_
11	▁eaux	EO	_
12	▁se	BN	_
13	▁dégrade	EN	_
14	▁après	BT	_
15	▁2009	ET	_
16	▁:	O	_


1	▁-	O	_
2	▁sur	O	_
3	▁la	O	_
4	▁n	O	_
5	appe	O	_
6	▁superficielle	O	_
7	▁des	O	_
8	▁re	O	_
9	mbl	BA	_
10	ais	BA	_
11	:	O	_
12	▁une	O	_
13	▁tendance	O	_
14	▁à	O	_
15	▁l	O	_
16	'	BN	_
17	altér	EN	_
18	ation	EN	_
19	▁depuis	BT	_
20	▁septembre	IT	_
21	▁2010	ET	_
22	▁avec	O	_
23	▁des	O	_
24	▁variations	O	_
25	▁des	O	_
26	▁teneur	O	_
27	s	O	_
28	▁en	O	_
29	▁	O	_
30	hydrocarbures	O	_
31	▁C	O	_
32	10	O	_
33	-	O	_
34	C	O	_
35	40	O	_
36	▁notamment	O	_
37	▁en	O	_
38	▁périodes	O	_
39	▁de	O	_
40	▁basses	O	_
41	▁eaux	O	_
42	,	O	_


1	▁-	O	_
2	▁sur	O	_
3	▁la	O	_
4	▁n	O	_
5	appe	O	_
6	▁captive	O	_
7	▁:	O	_
8	▁une	O	_
9	▁baisse	O	_
10	▁significative	O	_
11	▁des	O	_
12	▁H	O	_
13	C	O	_
14	▁en	BT	_
15	▁2014,	ET	_
16	▁ne	O	_
17	▁confirmant	O	_
18	▁pas	O	_
19	▁le	O	_
20	▁dépassement	O	_
21	▁de	O	_
22	▁la	O	_
23	▁valeur	O	_
24	▁de	O	_
25	▁référence	O	_
26	▁observé	O	_
27	▁en	BT	_
28	▁juin	IT	_
29	▁2013	ET	_
30	▁sur	O	_
31	▁l	O	_
32	'	O	_
33	un	O	_
34	▁des	O	_
35	▁pié	O	_
36	z	O	_
37	omètre	O	_
38	s	O	_
39	,	O	_


1	▁-	O	_
2	▁des	O	_
3	▁teneur	O	_
4	s	O	_
5	▁significative	O	_
6	s	O	_
7	▁en	O	_
8	▁métaux	BO	_
9	▁avec	O	_
10	▁dépassement	IN	_
11	▁des	IN	_
12	▁seuil	IN	_
13	s	IN	_
14	▁de	IN	_
15	▁pot	EN	_
16	abilité	EN	_
17	▁en	O	_
18	▁aval	BO	_
19	▁pour	O	_
20	▁le	O	_
21	▁nickel	O	_
22	▁et	O	_
23	▁l	O	_
24	'	O	_
25	ars	O	_
26	en	O	_
27	ic	O	_
28	.	O	_


1	▁La	O	_
2	▁campagne	O	_
3	▁de	O	_
4	▁juin	O	_
5	▁2015	O	_
6	▁montre	O	_
7	▁:	O	_


1	▁-	O	_
2	▁des	O	_
3	▁odeurs	O	_
4	▁d	O	_
5	'	O	_
6	hydrocarbures	O	_
7	▁et	O	_
8	▁des	O	_
9	▁traces	O	_
10	▁de	O	_
11	▁flottant	O	_
12	▁dans	O	_
13	▁la	O	_
14	▁n	O	_
15	appe	O	_
16	▁superficielle	O	_
17	,	O	_


1	▁-	O	_
2	▁la	O	_
3	▁présence	O	_
4	▁d	O	_
5	'	BO	_
6	ars	EO	_
7	en	EO	_
8	ic	EO	_
9	▁et	O	_
10	▁de	O	_
11	▁nickel	O	_
12	▁dans	O	_
13	▁deux	O	_
14	▁pié	O	_
15	z	O	_
16	omètre	O	_
17	s	O	_
18	.	O	_


1	▁Le	O	_
2	▁bilan	O	_
3	▁quadri	O	_
4	en	O	_
5	nal	O	_
6	▁pour	O	_
7	▁la	BT	_
8	▁période	IT	_
9	▁2011	ET	_
10	-2014	ET	_
11	▁fait	O	_
12	▁apparaître	O	_
13	▁:	O	_


1	▁-	O	_
2	▁un	O	_
3	▁pic	O	_
4	▁de	O	_
5	▁pollution	O	_
6	▁en	BT	_
7	▁2013,	ET	_


1	▁-	O	_
2	▁dans	O	_
3	▁la	O	_
4	▁n	O	_
5	appe	O	_
6	▁superficielle	O	_
7	▁des	O	_
8	▁re	BN	_
9	mbl	EN	_
10	ais	EN	_
11	▁:	O	_
12	▁une	O	_
13	▁tendance	O	_
14	▁globale	O	_
15	▁à	O	_
16	▁la	O	_
17	▁hausse	O	_
18	▁pour	O	_
19	▁les	O	_
20	▁C	O	_
21	10	O	_
22	-	O	_
23	C	O	_
24	40	O	_
25	▁et	O	_
26	▁les	O	_
27	▁6	O	_
28	▁H	O	_
29	AP	O	_
30	,	O	_
31	▁ainsi	O	_
32	▁qu	O	_
33	'	O	_
34	une	O	_
35	▁	O	_
36	ir	O	_
37	isation	O	_
38	▁voire	O	_
39	▁film	O	_
40	▁huile	O	_
41	ux	O	_
42	,	O	_


1	▁-	O	_
2	▁dans	O	_
3	▁la	O	_
4	▁n	O	_
5	appe	O	_
6	▁profonde	O	_
7	▁:	O	_


1	▁*	O	_
2	▁une	O	_
3	▁légère	O	_
4	▁tendance	O	_
5	▁à	O	_
6	▁la	O	_
7	▁hausse	O	_
8	▁pour	O	_
9	▁les	O	_
10	▁C	O	_
11	10	O	_
12	-	O	_
13	C	O	_
14	40	O	_
15	,	O	_
16	▁qui	O	_
17	▁semble	O	_
18	▁commencer	O	_
19	▁à	O	_
20	▁stagne	O	_
21	r	O	_
22	▁en	BT	_
23	▁2014-2015	ET	_


1	▁*	O	_
2	▁une	O	_
3	▁stagnation	O	_
4	▁des	O	_
5	▁6	BO	_
6	▁H	EO	_
7	AP	EO	_
8	,	O	_
9	▁excepté	O	_
10	▁pour	O	_
11	▁le	O	_
12	▁pié	O	_
13	z	O	_
14	omètre	O	_
15	▁en	O	_
16	▁	O	_
17	latéral	O	_
18	▁hydraulique	O	_
19	▁qui	O	_
20	▁subit	O	_
21	▁de	O	_
22	▁fortes	O	_
23	▁variations	O	_
24	▁qui	O	_
25	▁ont	O	_
26	▁tendance	O	_
27	▁à	O	_
28	▁baisser	O	_
29	▁en	BT	_
30	▁2015.	ET	_


1	▁Ces	O	_
2	▁évolutions	O	_
3	▁sont	O	_
4	▁confirmée	O	_
5	s	O	_
6	▁en	BT	_
7	▁2016.	ET	_


